<?xml version="1.0" encoding="UTF-8" standalone="no"?>
<!DOCTYPE log SYSTEM "logger.dtd">
<log>
<record>
  <date>2025-07-01T07:24:19.467315400Z</date>
  <millis>1751354659467</millis>
  <nanos>315400</nanos>
  <sequence>0</sequence>
  <logger>itri.sstc.freemarker.core.Language</logger>
  <level>INFO</level>
  <class>itri.sstc.freemarker.core.Language</class>
  <method>init</method>
  <thread>1</thread>
  <message>初始化語言庫 ...</message>
</record>
<record>
  <date>2025-07-01T07:24:19.534706200Z</date>
  <millis>1751354659534</millis>
  <nanos>706200</nanos>
  <sequence>1</sequence>
  <logger>itri.sstc.freemarker.core.Language</logger>
  <level>INFO</level>
  <class>itri.sstc.freemarker.core.Language$1</class>
  <method>accept</method>
  <thread>1</thread>
  <message>Load language for en_US, file=messages_en_US.properties</message>
</record>
<record>
  <date>2025-07-01T07:24:19.542240400Z</date>
  <millis>1751354659542</millis>
  <nanos>240400</nanos>
  <sequence>2</sequence>
  <logger>itri.sstc.freemarker.core.Language</logger>
  <level>INFO</level>
  <class>itri.sstc.freemarker.core.Language$1</class>
  <method>accept</method>
  <thread>1</thread>
  <message>Load language for th_TH, file=messages_th_TH.properties</message>
</record>
<record>
  <date>2025-07-01T07:24:19.547752400Z</date>
  <millis>1751354659547</millis>
  <nanos>752400</nanos>
  <sequence>3</sequence>
  <logger>itri.sstc.freemarker.core.Language</logger>
  <level>INFO</level>
  <class>itri.sstc.freemarker.core.Language$1</class>
  <method>accept</method>
  <thread>1</thread>
  <message>Load language for zh_TW, file=messages_zh_TW.properties</message>
</record>
<record>
  <date>2025-07-01T07:24:19.548724300Z</date>
  <millis>1751354659548</millis>
  <nanos>724300</nanos>
  <sequence>4</sequence>
  <logger>itri.sstc.freemarker.core.Language</logger>
  <level>INFO</level>
  <class>itri.sstc.freemarker.core.Language</class>
  <method>init</method>
  <thread>1</thread>
  <message>初始化語言庫 OK</message>
</record>
<record>
  <date>2025-07-01T07:24:19.911476600Z</date>
  <millis>1751354659911</millis>
  <nanos>476600</nanos>
  <sequence>5</sequence>
  <logger>itri.sstc.framework.core.api.RESTfulAPI</logger>
  <level>INFO</level>
  <class>itri.sstc.freemarker.httpd.FreemarkerAPI</class>
  <method>&lt;init&gt;</method>
  <thread>1</thread>
  <message>新增 RootAPI 實例</message>
</record>
<record>
  <date>2025-07-01T07:24:19.927857900Z</date>
  <millis>1751354659927</millis>
  <nanos>857900</nanos>
  <sequence>6</sequence>
  <logger>itri.sstc.framework.core.httpd.HttpService</logger>
  <level>INFO</level>
  <class>itri.sstc.framework.core.httpd.HttpService</class>
  <method>&lt;init&gt;</method>
  <thread>1</thread>
  <message>初始化 LiteHttpd Service 完成</message>
</record>
<record>
  <date>2025-07-01T07:24:19.942141200Z</date>
  <millis>1751354659942</millis>
  <nanos>141200</nanos>
  <sequence>7</sequence>
  <logger>itri.sstc.freemarker.core.FMTemplateEngine</logger>
  <level>INFO</level>
  <class>itri.sstc.freemarker.core.FMTemplateEngine</class>
  <method>init</method>
  <thread>1</thread>
  <message>建立 imas FTL處理器, ClassName: demo.freemarker.handler.page.DtxCaseMgntPage</message>
</record>
<record>
  <date>2025-07-01T07:24:19.958506Z</date>
  <millis>1751354659958</millis>
  <nanos>506000</nanos>
  <sequence>8</sequence>
  <logger>itri.sstc.freemarker.core.RequestHandler</logger>
  <level>INFO</level>
  <class>itri.sstc.freemarker.core.RequestHandler</class>
  <method>init</method>
  <thread>1</thread>
  <message>Assign method test to pattern imas/test</message>
</record>
<record>
  <date>2025-07-01T07:24:19.959479600Z</date>
  <millis>1751354659959</millis>
  <nanos>479600</nanos>
  <sequence>9</sequence>
  <logger>itri.sstc.freemarker.core.RequestHandler</logger>
  <level>INFO</level>
  <class>itri.sstc.freemarker.core.RequestHandler</class>
  <method>init</method>
  <thread>1</thread>
  <message>Assign method index1 to pattern imas/</message>
</record>
<record>
  <date>2025-07-01T07:24:19.960452700Z</date>
  <millis>1751354659960</millis>
  <nanos>452700</nanos>
  <sequence>10</sequence>
  <logger>itri.sstc.freemarker.core.RequestHandler</logger>
  <level>INFO</level>
  <class>itri.sstc.freemarker.core.RequestHandler</class>
  <method>init</method>
  <thread>1</thread>
  <message>Assign method logout to pattern imas/logout</message>
</record>
<record>
  <date>2025-07-01T07:24:19.960452700Z</date>
  <millis>1751354659960</millis>
  <nanos>452700</nanos>
  <sequence>11</sequence>
  <logger>itri.sstc.freemarker.core.RequestHandler</logger>
  <level>INFO</level>
  <class>itri.sstc.freemarker.core.RequestHandler</class>
  <method>init</method>
  <thread>1</thread>
  <message>Assign method login to pattern imas/login</message>
</record>
<record>
  <date>2025-07-01T07:24:19.961426100Z</date>
  <millis>1751354659961</millis>
  <nanos>426100</nanos>
  <sequence>12</sequence>
  <logger>itri.sstc.freemarker.core.RequestHandler</logger>
  <level>INFO</level>
  <class>itri.sstc.freemarker.core.RequestHandler</class>
  <method>init</method>
  <thread>1</thread>
  <message>Assign method index0 to pattern imas</message>
</record>
<record>
  <date>2025-07-01T07:24:19.962399200Z</date>
  <millis>1751354659962</millis>
  <nanos>399200</nanos>
  <sequence>13</sequence>
  <logger>itri.sstc.freemarker.core.RequestHandler</logger>
  <level>INFO</level>
  <class>itri.sstc.freemarker.core.RequestHandler</class>
  <method>init</method>
  <thread>1</thread>
  <message>Assign method caseAppointment to pattern imas/admin/taskMgnt/appointment</message>
</record>
<record>
  <date>2025-07-01T07:24:19.964347Z</date>
  <millis>1751354659964</millis>
  <nanos>347000</nanos>
  <sequence>14</sequence>
  <logger>itri.sstc.freemarker.core.RequestHandler</logger>
  <level>INFO</level>
  <class>itri.sstc.freemarker.core.RequestHandler</class>
  <method>init</method>
  <thread>1</thread>
  <message>Assign method diagnosisDoctor to pattern imas/diagnosis/doctor</message>
</record>
<record>
  <date>2025-07-01T07:24:19.967267Z</date>
  <millis>1751354659967</millis>
  <nanos>267000</nanos>
  <sequence>15</sequence>
  <logger>itri.sstc.freemarker.core.RequestHandler</logger>
  <level>INFO</level>
  <class>itri.sstc.freemarker.core.RequestHandler</class>
  <method>init</method>
  <thread>1</thread>
  <message>Assign method caseAppointmentMsg to pattern imas/admin/taskMgnt/appointment/msg/chooseMessage</message>
</record>
<record>
  <date>2025-07-01T07:24:19.968239300Z</date>
  <millis>1751354659968</millis>
  <nanos>239300</nanos>
  <sequence>16</sequence>
  <logger>itri.sstc.freemarker.core.RequestHandler</logger>
  <level>INFO</level>
  <class>itri.sstc.freemarker.core.RequestHandler</class>
  <method>init</method>
  <thread>1</thread>
  <message>Assign method caseList to pattern imas/casemgnt/caselist</message>
</record>
<record>
  <date>2025-07-01T07:24:19.969212900Z</date>
  <millis>1751354659969</millis>
  <nanos>212900</nanos>
  <sequence>17</sequence>
  <logger>itri.sstc.freemarker.core.RequestHandler</logger>
  <level>INFO</level>
  <class>itri.sstc.freemarker.core.RequestHandler</class>
  <method>init</method>
  <thread>1</thread>
  <message>Assign method dashboard to pattern imas/dashboard</message>
</record>
<record>
  <date>2025-07-01T07:24:19.971159700Z</date>
  <millis>1751354659971</millis>
  <nanos>159700</nanos>
  <sequence>18</sequence>
  <logger>itri.sstc.freemarker.core.RequestHandler</logger>
  <level>INFO</level>
  <class>itri.sstc.freemarker.core.RequestHandler</class>
  <method>init</method>
  <thread>1</thread>
  <message>Assign method diagnosisTherapist to pattern imas/diagnosis/therapist</message>
</record>
<record>
  <date>2025-07-01T07:24:19.972133700Z</date>
  <millis>1751354659972</millis>
  <nanos>133700</nanos>
  <sequence>19</sequence>
  <logger>itri.sstc.freemarker.core.RequestHandler</logger>
  <level>INFO</level>
  <class>itri.sstc.freemarker.core.RequestHandler</class>
  <method>init</method>
  <thread>1</thread>
  <message>Assign method phraseManagement to pattern imas/admin/other/phraseMgnt</message>
</record>
<record>
  <date>2025-07-01T07:24:19.974447900Z</date>
  <millis>1751354659974</millis>
  <nanos>447900</nanos>
  <sequence>20</sequence>
  <logger>itri.sstc.freemarker.core.RequestHandler</logger>
  <level>INFO</level>
  <class>itri.sstc.freemarker.core.RequestHandler</class>
  <method>init</method>
  <thread>1</thread>
  <message>Assign method medicalManagement to pattern imas/admin/other/medicalMgnt</message>
</record>
<record>
  <date>2025-07-01T07:24:19.975424600Z</date>
  <millis>1751354659975</millis>
  <nanos>424600</nanos>
  <sequence>21</sequence>
  <logger>itri.sstc.freemarker.core.RequestHandler</logger>
  <level>INFO</level>
  <class>itri.sstc.freemarker.core.RequestHandler</class>
  <method>init</method>
  <thread>1</thread>
  <message>Assign method lessonManagement to pattern imas/admin/other/lessonMgnt</message>
</record>
<record>
  <date>2025-07-01T07:24:19.976398400Z</date>
  <millis>1751354659976</millis>
  <nanos>398400</nanos>
  <sequence>22</sequence>
  <logger>itri.sstc.freemarker.core.RequestHandler</logger>
  <level>INFO</level>
  <class>itri.sstc.freemarker.core.RequestHandler</class>
  <method>init</method>
  <thread>1</thread>
  <message>Assign method lessonMgntTest to pattern imas/admin/other/scaleMgnt/test</message>
</record>
<record>
  <date>2025-07-01T07:24:19.978345200Z</date>
  <millis>1751354659978</millis>
  <nanos>345200</nanos>
  <sequence>23</sequence>
  <logger>itri.sstc.freemarker.core.RequestHandler</logger>
  <level>INFO</level>
  <class>itri.sstc.freemarker.core.RequestHandler</class>
  <method>init</method>
  <thread>1</thread>
  <message>Assign method dtxAnalysis to pattern imas/dtxanalysis</message>
</record>
<record>
  <date>2025-07-01T07:24:19.980292300Z</date>
  <millis>1751354659980</millis>
  <nanos>292300</nanos>
  <sequence>24</sequence>
  <logger>itri.sstc.freemarker.core.RequestHandler</logger>
  <level>INFO</level>
  <class>itri.sstc.freemarker.core.RequestHandler</class>
  <method>init</method>
  <thread>1</thread>
  <message>Assign method taskEvaluation to pattern imas/admin/taskMgnt/evaluation</message>
</record>
<record>
  <date>2025-07-01T07:24:19.981264500Z</date>
  <millis>1751354659981</millis>
  <nanos>264500</nanos>
  <sequence>25</sequence>
  <logger>itri.sstc.freemarker.core.RequestHandler</logger>
  <level>INFO</level>
  <class>itri.sstc.freemarker.core.RequestHandler</class>
  <method>init</method>
  <thread>1</thread>
  <message>Assign method diagnosisReport to pattern imas/diagnosisReport</message>
</record>
<record>
  <date>2025-07-01T07:24:19.982455600Z</date>
  <millis>1751354659982</millis>
  <nanos>455600</nanos>
  <sequence>26</sequence>
  <logger>itri.sstc.freemarker.core.RequestHandler</logger>
  <level>INFO</level>
  <class>itri.sstc.freemarker.core.RequestHandler</class>
  <method>init</method>
  <thread>1</thread>
  <message>Assign method scaleManagement to pattern imas/admin/other/scaleMgnt</message>
</record>
<record>
  <date>2025-07-01T07:24:19.983433500Z</date>
  <millis>1751354659983</millis>
  <nanos>433500</nanos>
  <sequence>27</sequence>
  <logger>itri.sstc.freemarker.core.RequestHandler</logger>
  <level>INFO</level>
  <class>itri.sstc.freemarker.core.RequestHandler</class>
  <method>init</method>
  <thread>1</thread>
  <message>Assign method scaleManagementNew to pattern imas/admin/other/scaleMgnt/new</message>
</record>
<record>
  <date>2025-07-01T07:24:19.984407Z</date>
  <millis>1751354659984</millis>
  <nanos>407000</nanos>
  <sequence>28</sequence>
  <logger>itri.sstc.freemarker.core.RequestHandler</logger>
  <level>INFO</level>
  <class>itri.sstc.freemarker.core.RequestHandler</class>
  <method>init</method>
  <thread>1</thread>
  <message>Assign method deviceManagement to pattern imas/admin/other/deviceMgnt</message>
</record>
<record>
  <date>2025-07-01T07:24:19.985379900Z</date>
  <millis>1751354659985</millis>
  <nanos>379900</nanos>
  <sequence>29</sequence>
  <logger>itri.sstc.freemarker.core.RequestHandler</logger>
  <level>INFO</level>
  <class>itri.sstc.freemarker.core.RequestHandler</class>
  <method>init</method>
  <thread>1</thread>
  <message>Assign method scaleMgntTemplate to pattern imas/admin/other/scaleMgnt/template/level</message>
</record>
<record>
  <date>2025-07-01T07:24:19.986353300Z</date>
  <millis>1751354659986</millis>
  <nanos>353300</nanos>
  <sequence>30</sequence>
  <logger>itri.sstc.freemarker.core.RequestHandler</logger>
  <level>INFO</level>
  <class>itri.sstc.freemarker.core.RequestHandler</class>
  <method>init</method>
  <thread>1</thread>
  <message>Assign method caseFormVisits to pattern imas/patient/caseForm/visits</message>
</record>
<record>
  <date>2025-07-01T07:24:19.987326300Z</date>
  <millis>1751354659987</millis>
  <nanos>326300</nanos>
  <sequence>31</sequence>
  <logger>itri.sstc.freemarker.core.RequestHandler</logger>
  <level>INFO</level>
  <class>itri.sstc.freemarker.core.RequestHandler</class>
  <method>init</method>
  <thread>1</thread>
  <message>Assign method caseFormAssessment to pattern imas/patient/caseForm/assessment</message>
</record>
<record>
  <date>2025-07-01T07:24:19.988299700Z</date>
  <millis>1751354659988</millis>
  <nanos>299700</nanos>
  <sequence>32</sequence>
  <logger>itri.sstc.freemarker.core.RequestHandler</logger>
  <level>INFO</level>
  <class>itri.sstc.freemarker.core.RequestHandler</class>
  <method>init</method>
  <thread>1</thread>
  <message>Assign method caseFormPlan to pattern imas/patient/caseForm/plan</message>
</record>
<record>
  <date>2025-07-01T07:24:19.989304200Z</date>
  <millis>1751354659989</millis>
  <nanos>304200</nanos>
  <sequence>33</sequence>
  <logger>itri.sstc.freemarker.core.RequestHandler</logger>
  <level>INFO</level>
  <class>itri.sstc.freemarker.core.RequestHandler</class>
  <method>init</method>
  <thread>1</thread>
  <message>Assign method overview to pattern imas/patient/caseForm/overview</message>
</record>
<record>
  <date>2025-07-01T07:24:19.990281600Z</date>
  <millis>1751354659990</millis>
  <nanos>281600</nanos>
  <sequence>34</sequence>
  <logger>itri.sstc.freemarker.core.RequestHandler</logger>
  <level>INFO</level>
  <class>itri.sstc.freemarker.core.RequestHandler</class>
  <method>init</method>
  <thread>1</thread>
  <message>Assign method caseFormProfile to pattern imas/patient/caseForm/profile</message>
</record>
<record>
  <date>2025-07-01T07:24:19.991254900Z</date>
  <millis>1751354659991</millis>
  <nanos>254900</nanos>
  <sequence>35</sequence>
  <logger>itri.sstc.freemarker.core.RequestHandler</logger>
  <level>INFO</level>
  <class>itri.sstc.freemarker.core.RequestHandler</class>
  <method>init</method>
  <thread>1</thread>
  <message>Assign method taskEvaluationMsg to pattern imas/admin/taskMgnt/evaluation/message</message>
</record>
<record>
  <date>2025-07-01T07:24:19.991254900Z</date>
  <millis>1751354659991</millis>
  <nanos>254900</nanos>
  <sequence>36</sequence>
  <logger>itri.sstc.freemarker.core.RequestHandler</logger>
  <level>INFO</level>
  <class>itri.sstc.freemarker.core.RequestHandler</class>
  <method>init</method>
  <thread>1</thread>
  <message>Assign method caseFormAnalysis to pattern imas/patient/caseForm/analysis</message>
</record>
<record>
  <date>2025-07-01T07:24:19.992229700Z</date>
  <millis>1751354659992</millis>
  <nanos>229700</nanos>
  <sequence>37</sequence>
  <logger>itri.sstc.freemarker.core.RequestHandler</logger>
  <level>INFO</level>
  <class>itri.sstc.freemarker.core.RequestHandler</class>
  <method>init</method>
  <thread>1</thread>
  <message>Assign method dataForm to pattern imas/admin/dataForm</message>
</record>
<record>
  <date>2025-07-01T07:24:19.993201600Z</date>
  <millis>1751354659993</millis>
  <nanos>201600</nanos>
  <sequence>38</sequence>
  <logger>itri.sstc.freemarker.core.RequestHandler</logger>
  <level>INFO</level>
  <class>itri.sstc.freemarker.core.RequestHandler</class>
  <method>init</method>
  <thread>1</thread>
  <message>Assign method caseFormNotes to pattern imas/patient/caseForm/notes</message>
</record>
<record>
  <date>2025-07-01T07:24:19.994175300Z</date>
  <millis>1751354659994</millis>
  <nanos>175300</nanos>
  <sequence>39</sequence>
  <logger>itri.sstc.freemarker.core.RequestHandler</logger>
  <level>INFO</level>
  <class>itri.sstc.freemarker.core.RequestHandler</class>
  <method>init</method>
  <thread>1</thread>
  <message>Assign method chatroom to pattern imas/communication/chatroom</message>
</record>
<record>
  <date>2025-07-01T07:24:19.995148900Z</date>
  <millis>1751354659995</millis>
  <nanos>148900</nanos>
  <sequence>40</sequence>
  <logger>itri.sstc.freemarker.core.RequestHandler</logger>
  <level>INFO</level>
  <class>itri.sstc.freemarker.core.RequestHandler</class>
  <method>init</method>
  <thread>1</thread>
  <message>Assign method medicalManagementEdit to pattern imas/admin/other/medicalMgnt/edit</message>
</record>
<record>
  <date>2025-07-01T07:24:19.998068500Z</date>
  <millis>1751354659998</millis>
  <nanos>68500</nanos>
  <sequence>41</sequence>
  <logger>itri.sstc.freemarker.core.RequestHandler</logger>
  <level>INFO</level>
  <class>itri.sstc.freemarker.core.RequestHandler</class>
  <method>init</method>
  <thread>1</thread>
  <message>Assign method diagnosisReportChooseReport to pattern imas/diagnosisReport/msg/chooseMessage</message>
</record>
<record>
  <date>2025-07-01T07:24:19.998068500Z</date>
  <millis>1751354659998</millis>
  <nanos>68500</nanos>
  <sequence>42</sequence>
  <logger>itri.sstc.freemarker.core.RequestHandler</logger>
  <level>INFO</level>
  <class>itri.sstc.freemarker.core.RequestHandler</class>
  <method>init</method>
  <thread>1</thread>
  <message>Assign method lessonManagementEdit to pattern imas/admin/other/lessonMgnt/edit</message>
</record>
<record>
  <date>2025-07-01T07:24:20.000015200Z</date>
  <millis>1751354660000</millis>
  <nanos>15200</nanos>
  <sequence>43</sequence>
  <logger>itri.sstc.freemarker.core.RequestHandler</logger>
  <level>INFO</level>
  <class>itri.sstc.freemarker.core.RequestHandler</class>
  <method>init</method>
  <thread>1</thread>
  <message>Assign method deviceManagementEdit to pattern imas/admin/other/deviceMgnt/edit</message>
</record>
<record>
  <date>2025-07-01T07:24:20.000015200Z</date>
  <millis>1751354660000</millis>
  <nanos>15200</nanos>
  <sequence>44</sequence>
  <logger>itri.sstc.freemarker.core.RequestHandler</logger>
  <level>INFO</level>
  <class>itri.sstc.freemarker.core.RequestHandler</class>
  <method>init</method>
  <thread>1</thread>
  <message>Assign method caseFormAssessmentChart to pattern imas/patient/caseForm/assessment/charts</message>
</record>
<record>
  <date>2025-07-01T07:24:20.000988100Z</date>
  <millis>1751354660000</millis>
  <nanos>988100</nanos>
  <sequence>45</sequence>
  <logger>itri.sstc.freemarker.core.RequestHandler</logger>
  <level>INFO</level>
  <class>itri.sstc.freemarker.core.RequestHandler</class>
  <method>init</method>
  <thread>1</thread>
  <message>Assign method patientAnalysisEmptyMessage to pattern imas/patient/analysis</message>
</record>
<record>
  <date>2025-07-01T07:24:20.000988100Z</date>
  <millis>1751354660000</millis>
  <nanos>988100</nanos>
  <sequence>46</sequence>
  <logger>itri.sstc.freemarker.core.RequestHandler</logger>
  <level>INFO</level>
  <class>itri.sstc.freemarker.core.RequestHandler</class>
  <method>init</method>
  <thread>1</thread>
  <message>Assign method scaleManagementDetail to pattern imas/admin/other/scaleMgnt/detail</message>
</record>
<record>
  <date>2025-07-01T07:24:20.000988100Z</date>
  <millis>1751354660000</millis>
  <nanos>988100</nanos>
  <sequence>47</sequence>
  <logger>itri.sstc.freemarker.core.RequestHandler</logger>
  <level>INFO</level>
  <class>itri.sstc.freemarker.core.RequestHandler</class>
  <method>init</method>
  <thread>1</thread>
  <message>Assign method patientAnalysisDetail to pattern imas/patient/analysis/detail</message>
</record>
<record>
  <date>2025-07-01T07:24:20.001963200Z</date>
  <millis>1751354660001</millis>
  <nanos>963200</nanos>
  <sequence>48</sequence>
  <logger>itri.sstc.freemarker.core.RequestHandler</logger>
  <level>INFO</level>
  <class>itri.sstc.freemarker.core.RequestHandler</class>
  <method>init</method>
  <thread>1</thread>
  <message>Assign method scaleManagementEdit to pattern imas/admin/other/scaleMgnt/edit</message>
</record>
<record>
  <date>2025-07-01T07:24:20.003908100Z</date>
  <millis>1751354660003</millis>
  <nanos>908100</nanos>
  <sequence>49</sequence>
  <logger>itri.sstc.freemarker.core.FMTemplateEngine</logger>
  <level>INFO</level>
  <class>itri.sstc.freemarker.core.FMTemplateEngine</class>
  <method>init</method>
  <thread>1</thread>
  <message>初始化 imas FTL處理器 OK</message>
</record>
<record>
  <date>2025-07-01T07:24:20.005855100Z</date>
  <millis>1751354660005</millis>
  <nanos>855100</nanos>
  <sequence>50</sequence>
  <logger>itri.sstc.freemarker.core.FMTemplateEngine</logger>
  <level>INFO</level>
  <class>itri.sstc.freemarker.core.FMTemplateEngine</class>
  <method>init</method>
  <thread>1</thread>
  <message>建立 casetraining FTL處理器, ClassName: demo.freemarker.handler.page.DtxCaseTrainingPage</message>
</record>
<record>
  <date>2025-07-01T07:24:20.006901200Z</date>
  <millis>1751354660006</millis>
  <nanos>901200</nanos>
  <sequence>51</sequence>
  <logger>itri.sstc.freemarker.core.RequestHandler</logger>
  <level>INFO</level>
  <class>itri.sstc.freemarker.core.RequestHandler</class>
  <method>init</method>
  <thread>1</thread>
  <message>Assign method caseDashboard to pattern casetraining/caseDashboard</message>
</record>
<record>
  <date>2025-07-01T07:24:20.008025900Z</date>
  <millis>1751354660008</millis>
  <nanos>25900</nanos>
  <sequence>52</sequence>
  <logger>itri.sstc.freemarker.core.RequestHandler</logger>
  <level>INFO</level>
  <class>itri.sstc.freemarker.core.RequestHandler</class>
  <method>init</method>
  <thread>1</thread>
  <message>Assign method trainingQuestion to pattern casetraining/trainingQuestion</message>
</record>
<record>
  <date>2025-07-01T07:24:20.008025900Z</date>
  <millis>1751354660008</millis>
  <nanos>25900</nanos>
  <sequence>53</sequence>
  <logger>itri.sstc.freemarker.core.RequestHandler</logger>
  <level>INFO</level>
  <class>itri.sstc.freemarker.core.RequestHandler</class>
  <method>init</method>
  <thread>1</thread>
  <message>Assign method infoComplete to pattern casetraining/infoComplete</message>
</record>
<record>
  <date>2025-07-01T07:24:20.009276900Z</date>
  <millis>1751354660009</millis>
  <nanos>276900</nanos>
  <sequence>54</sequence>
  <logger>itri.sstc.freemarker.core.RequestHandler</logger>
  <level>INFO</level>
  <class>itri.sstc.freemarker.core.RequestHandler</class>
  <method>init</method>
  <thread>1</thread>
  <message>Assign method trainingPlan to pattern casetraining/trainingPlan</message>
</record>
<record>
  <date>2025-07-01T07:24:20.009276900Z</date>
  <millis>1751354660009</millis>
  <nanos>276900</nanos>
  <sequence>55</sequence>
  <logger>itri.sstc.freemarker.core.RequestHandler</logger>
  <level>INFO</level>
  <class>itri.sstc.freemarker.core.RequestHandler</class>
  <method>init</method>
  <thread>1</thread>
  <message>Assign method trainingRecord to pattern casetraining/trainingRecord</message>
</record>
<record>
  <date>2025-07-01T07:24:20.011223800Z</date>
  <millis>1751354660011</millis>
  <nanos>223800</nanos>
  <sequence>56</sequence>
  <logger>itri.sstc.freemarker.core.FMTemplateEngine</logger>
  <level>INFO</level>
  <class>itri.sstc.freemarker.core.FMTemplateEngine</class>
  <method>init</method>
  <thread>1</thread>
  <message>初始化 casetraining FTL處理器 OK</message>
</record>
<record>
  <date>2025-07-01T07:24:20.011223800Z</date>
  <millis>1751354660011</millis>
  <nanos>223800</nanos>
  <sequence>57</sequence>
  <logger>itri.sstc.freemarker.core.FMTemplateEngine</logger>
  <level>INFO</level>
  <class>itri.sstc.freemarker.core.FMTemplateEngine</class>
  <method>init</method>
  <thread>1</thread>
  <message>初始化 FreeMarker 樣版引擎 ...</message>
</record>
<record>
  <date>2025-07-01T07:24:20.092607900Z</date>
  <millis>1751354660092</millis>
  <nanos>607900</nanos>
  <sequence>58</sequence>
  <logger>itri.sstc.freemarker.core.FMTemplateEngine</logger>
  <level>INFO</level>
  <class>itri.sstc.freemarker.core.FMTemplateEngine</class>
  <method>init</method>
  <thread>1</thread>
  <message>初始化 FreeMarker 樣版引擎 OK</message>
</record>
<record>
  <date>2025-07-01T07:24:20.093614200Z</date>
  <millis>1751354660093</millis>
  <nanos>614200</nanos>
  <sequence>59</sequence>
  <logger>itri.sstc.framework.core.httpd.session.HttpSessionManager</logger>
  <level>INFO</level>
  <class>itri.sstc.framework.core.httpd.session.HttpSessionManager</class>
  <method>start</method>
  <thread>1</thread>
  <message>啟用 HttpSessionManager OK</message>
</record>
<record>
  <date>2025-07-01T07:24:20.094651600Z</date>
  <millis>1751354660094</millis>
  <nanos>651600</nanos>
  <sequence>60</sequence>
  <logger>itri.sstc.framework.core.httpd.HttpService</logger>
  <level>INFO</level>
  <class>itri.sstc.framework.core.httpd.HttpService</class>
  <method>startService</method>
  <thread>1</thread>
  <message>啟動 LiteHttpd Service(Port 8262)</message>
</record>
<record>
  <date>2025-07-01T07:24:20.094651600Z</date>
  <millis>1751354660094</millis>
  <nanos>651600</nanos>
  <sequence>61</sequence>
  <logger>itri.sstc.framework.core.httpd.HttpService</logger>
  <level>INFO</level>
  <class>itri.sstc.framework.core.httpd.HttpService</class>
  <method>log</method>
  <thread>1</thread>
  <message>Start FreeMarkerService OK</message>
</record>
<record>
  <date>2025-07-01T07:24:45.082841500Z</date>
  <millis>1751354685082</millis>
  <nanos>841500</nanos>
  <sequence>62</sequence>
  <logger>itri.sstc.framework.core.httpd.session.HttpSessionManager</logger>
  <level>INFO</level>
  <class>itri.sstc.framework.core.httpd.session.HttpSessionManager</class>
  <method>createSession</method>
  <thread>48</thread>
  <message>Create session SESSION_45777b57-810b-48d0-b1d3-695d4888fb86 for /ftl/imas/dashboard</message>
</record>
<record>
  <date>2025-07-01T07:24:45.083813700Z</date>
  <millis>1751354685083</millis>
  <nanos>813700</nanos>
  <sequence>63</sequence>
  <logger>itri.sstc.framework.core.httpd.HttpService</logger>
  <level>INFO</level>
  <class>itri.sstc.framework.core.httpd.HttpService</class>
  <method>log</method>
  <thread>48</thread>
  <message>Create new Session: SESSION_45777b57-810b-48d0-b1d3-695d4888fb86</message>
</record>
<record>
  <date>2025-07-01T07:24:45.084787200Z</date>
  <millis>1751354685084</millis>
  <nanos>787200</nanos>
  <sequence>64</sequence>
  <logger>itri.sstc.freemarker.core.RequestHandler</logger>
  <level>INFO</level>
  <class>itri.sstc.freemarker.core.RequestHandler</class>
  <method>getTemplateData</method>
  <thread>48</thread>
  <message>[imas/dashboard]</message>
</record>
<record>
  <date>2025-07-01T07:24:45.084787200Z</date>
  <millis>1751354685084</millis>
  <nanos>787200</nanos>
  <sequence>65</sequence>
  <logger>itri.sstc.freemarker.core.RequestHandler</logger>
  <level>INFO</level>
  <class>itri.sstc.freemarker.core.RequestHandler</class>
  <method>getTemplateData</method>
  <thread>48</thread>
  <message>加入全域變數</message>
</record>
<record>
  <date>2025-07-01T07:24:45.124974Z</date>
  <millis>1751354685124</millis>
  <nanos>974000</nanos>
  <sequence>66</sequence>
  <logger>itri.sstc.freemarker.core.RequestHandler</logger>
  <level>WARNING</level>
  <class>itri.sstc.freemarker.core.RequestHandler</class>
  <method>render</method>
  <thread>48</thread>
  <message>File not found: Template not found for URL: imas/dashboard</message>
</record>
<record>
  <date>2025-07-01T07:24:45.126058500Z</date>
  <millis>1751354685126</millis>
  <nanos>58500</nanos>
  <sequence>67</sequence>
  <logger>itri.sstc.framework.core.api.RESTfulAPI</logger>
  <level>SEVERE</level>
  <class>itri.sstc.freemarker.httpd.FreemarkerAPI</class>
  <method>handle</method>
  <thread>48</thread>
  <message>headers already sent</message>
</record>
<record>
  <date>2025-07-01T07:24:45.127044800Z</date>
  <millis>1751354685127</millis>
  <nanos>44800</nanos>
  <sequence>68</sequence>
  <logger>itri.sstc.freemarker.core.RequestHandler</logger>
  <level>INFO</level>
  <class>itri.sstc.freemarker.core.RequestHandler</class>
  <method>getTemplateData</method>
  <thread>48</thread>
  <message>[imas/login]</message>
</record>
<record>
  <date>2025-07-01T07:24:45.128017Z</date>
  <millis>1751354685128</millis>
  <nanos>17000</nanos>
  <sequence>69</sequence>
  <logger>itri.sstc.freemarker.core.RequestHandler</logger>
  <level>INFO</level>
  <class>itri.sstc.freemarker.core.RequestHandler</class>
  <method>getTemplateData</method>
  <thread>48</thread>
  <message>加入全域變數</message>
</record>
<record>
  <date>2025-07-01T07:24:45.324642400Z</date>
  <millis>1751354685324</millis>
  <nanos>642400</nanos>
  <sequence>70</sequence>
  <logger>itri.sstc.freemarker.core.RequestHandler</logger>
  <level>INFO</level>
  <class>itri.sstc.freemarker.core.RequestHandler</class>
  <method>render</method>
  <thread>48</thread>
  <message>FTL Process time: 197ms</message>
</record>
<record>
  <date>2025-07-01T07:24:45.369695800Z</date>
  <millis>1751354685369</millis>
  <nanos>695800</nanos>
  <sequence>71</sequence>
  <logger>itri.sstc.framework.core.httpd.file.FileRequestHandleTask</logger>
  <level>INFO</level>
  <class>itri.sstc.framework.core.httpd.file.FileRequestHandleTask</class>
  <method>run</method>
  <thread>51</thread>
  <message>Thread[51] GET /html/style/employee.css</message>
</record>
<record>
  <date>2025-07-01T07:24:45.411359700Z</date>
  <millis>1751354685411</millis>
  <nanos>359700</nanos>
  <sequence>72</sequence>
  <logger>itri.sstc.framework.core.httpd.file.FileRequestHandleTask</logger>
  <level>INFO</level>
  <class>itri.sstc.framework.core.httpd.file.FileRequestHandleTask</class>
  <method>run</method>
  <thread>52</thread>
  <message>Thread[52] GET /html/script/fullcalendar/fullcalendar.js</message>
</record>
<record>
  <date>2025-07-01T07:24:45.412334500Z</date>
  <millis>1751354685412</millis>
  <nanos>334500</nanos>
  <sequence>73</sequence>
  <logger>itri.sstc.framework.core.httpd.file.FileRequestHandleTask</logger>
  <level>INFO</level>
  <class>itri.sstc.framework.core.httpd.file.FileRequestHandleTask</class>
  <method>run</method>
  <thread>53</thread>
  <message>Thread[53] GET /html/script/cityArea/cityArea.js</message>
</record>
<record>
  <date>2025-07-01T07:24:45.423508200Z</date>
  <millis>1751354685423</millis>
  <nanos>508200</nanos>
  <sequence>74</sequence>
  <logger>itri.sstc.framework.core.httpd.file.FileRequestHandleTask</logger>
  <level>INFO</level>
  <class>itri.sstc.framework.core.httpd.file.FileRequestHandleTask</class>
  <method>run</method>
  <thread>54</thread>
  <message>Thread[54] GET /html/script/mlog.calendar.js</message>
</record>
<record>
  <date>2025-07-01T07:24:45.427516500Z</date>
  <millis>1751354685427</millis>
  <nanos>516500</nanos>
  <sequence>75</sequence>
  <logger>itri.sstc.framework.core.httpd.file.FileRequestHandleTask</logger>
  <level>INFO</level>
  <class>itri.sstc.framework.core.httpd.file.FileRequestHandleTask</class>
  <method>run</method>
  <thread>55</thread>
  <message>Thread[55] GET /html/script/mlog.autocomplete.js</message>
</record>
<record>
  <date>2025-07-01T07:24:45.427516500Z</date>
  <millis>1751354685427</millis>
  <nanos>516500</nanos>
  <sequence>76</sequence>
  <logger>itri.sstc.framework.core.httpd.file.FileRequestHandleTask</logger>
  <level>INFO</level>
  <class>itri.sstc.framework.core.httpd.file.FileRequestHandleTask</class>
  <method>run</method>
  <thread>56</thread>
  <message>Thread[56] GET /html/script/mlog.datatable.js</message>
</record>
<record>
  <date>2025-07-01T07:24:45.443013300Z</date>
  <millis>1751354685443</millis>
  <nanos>13300</nanos>
  <sequence>77</sequence>
  <logger>itri.sstc.framework.core.httpd.file.FileRequestHandleTask</logger>
  <level>INFO</level>
  <class>itri.sstc.framework.core.httpd.file.FileRequestHandleTask</class>
  <method>run</method>
  <thread>57</thread>
  <message>Thread[57] GET /html/script/jquery-timepicker/jquery.timepicker.min.js</message>
</record>
<record>
  <date>2025-07-01T07:24:45.443013300Z</date>
  <millis>1751354685443</millis>
  <nanos>13300</nanos>
  <sequence>78</sequence>
  <logger>itri.sstc.framework.core.httpd.file.FileRequestHandleTask</logger>
  <level>INFO</level>
  <class>itri.sstc.framework.core.httpd.file.FileRequestHandleTask</class>
  <method>run</method>
  <thread>58</thread>
  <message>Thread[58] GET /html/script/employee.js</message>
</record>
<record>
  <date>2025-07-01T07:24:45.444040800Z</date>
  <millis>1751354685444</millis>
  <nanos>40800</nanos>
  <sequence>79</sequence>
  <logger>itri.sstc.framework.core.httpd.file.FileRequestHandleTask</logger>
  <level>INFO</level>
  <class>itri.sstc.framework.core.httpd.file.FileRequestHandleTask</class>
  <method>run</method>
  <thread>59</thread>
  <message>Thread[59] GET /html/script/wg.template.js</message>
</record>
<record>
  <date>2025-07-01T07:24:45.447628800Z</date>
  <millis>1751354685447</millis>
  <nanos>628800</nanos>
  <sequence>80</sequence>
  <logger>itri.sstc.framework.core.httpd.file.FileRequestHandleTask</logger>
  <level>INFO</level>
  <class>itri.sstc.framework.core.httpd.file.FileRequestHandleTask</class>
  <method>run</method>
  <thread>60</thread>
  <message>Thread[60] GET /html/script/wg.evalForm.js</message>
</record>
<record>
  <date>2025-07-01T07:24:45.460200Z</date>
  <millis>1751354685460</millis>
  <nanos>200000</nanos>
  <sequence>81</sequence>
  <logger>itri.sstc.framework.core.api.RESTfulAPI</logger>
  <level>INFO</level>
  <class>itri.sstc.framework.core.api.RESTfulAPI</class>
  <method>log</method>
  <thread>61</thread>
  <message>"/security/api/" Call API captcha</message>
</record>
<record>
  <date>2025-07-01T07:31:43.382245Z</date>
  <millis>1751355103382</millis>
  <nanos>245000</nanos>
  <sequence>82</sequence>
  <logger>itri.sstc.framework.core.httpd.session.HttpSessionManager</logger>
  <level>INFO</level>
  <class>itri.sstc.framework.core.httpd.session.HttpSessionManager</class>
  <method>createSession</method>
  <thread>48</thread>
  <message>Create session SESSION_5f2f7656-e0ba-4bf4-9473-b4d59865fca2 for /ftl/imas</message>
</record>
<record>
  <date>2025-07-01T07:31:43.383367700Z</date>
  <millis>1751355103383</millis>
  <nanos>367700</nanos>
  <sequence>83</sequence>
  <logger>itri.sstc.framework.core.httpd.HttpService</logger>
  <level>INFO</level>
  <class>itri.sstc.framework.core.httpd.HttpService</class>
  <method>log</method>
  <thread>48</thread>
  <message>Create new Session: SESSION_5f2f7656-e0ba-4bf4-9473-b4d59865fca2</message>
</record>
<record>
  <date>2025-07-01T07:31:43.383367700Z</date>
  <millis>1751355103383</millis>
  <nanos>367700</nanos>
  <sequence>84</sequence>
  <logger>itri.sstc.freemarker.core.RequestHandler</logger>
  <level>INFO</level>
  <class>itri.sstc.freemarker.core.RequestHandler</class>
  <method>getTemplateData</method>
  <thread>48</thread>
  <message>[imas]</message>
</record>
<record>
  <date>2025-07-01T07:31:43.384800300Z</date>
  <millis>1751355103384</millis>
  <nanos>800300</nanos>
  <sequence>85</sequence>
  <logger>itri.sstc.freemarker.core.RequestHandler</logger>
  <level>INFO</level>
  <class>itri.sstc.freemarker.core.RequestHandler</class>
  <method>getTemplateData</method>
  <thread>48</thread>
  <message>加入全域變數</message>
</record>
<record>
  <date>2025-07-01T07:31:43.385773600Z</date>
  <millis>1751355103385</millis>
  <nanos>773600</nanos>
  <sequence>86</sequence>
  <logger>itri.sstc.freemarker.core.RequestHandler</logger>
  <level>WARNING</level>
  <class>itri.sstc.freemarker.core.RequestHandler</class>
  <method>render</method>
  <thread>48</thread>
  <message>File not found: Template not found for URL: imas</message>
</record>
<record>
  <date>2025-07-01T07:31:43.386747200Z</date>
  <millis>1751355103386</millis>
  <nanos>747200</nanos>
  <sequence>87</sequence>
  <logger>itri.sstc.framework.core.api.RESTfulAPI</logger>
  <level>SEVERE</level>
  <class>itri.sstc.freemarker.httpd.FreemarkerAPI</class>
  <method>handle</method>
  <thread>48</thread>
  <message>headers already sent</message>
</record>
<record>
  <date>2025-07-01T07:31:43.392867800Z</date>
  <millis>1751355103392</millis>
  <nanos>867800</nanos>
  <sequence>88</sequence>
  <logger>itri.sstc.freemarker.core.RequestHandler</logger>
  <level>INFO</level>
  <class>itri.sstc.freemarker.core.RequestHandler</class>
  <method>getTemplateData</method>
  <thread>48</thread>
  <message>[imas/login]</message>
</record>
<record>
  <date>2025-07-01T07:31:43.394021200Z</date>
  <millis>1751355103394</millis>
  <nanos>21200</nanos>
  <sequence>89</sequence>
  <logger>itri.sstc.freemarker.core.RequestHandler</logger>
  <level>INFO</level>
  <class>itri.sstc.freemarker.core.RequestHandler</class>
  <method>getTemplateData</method>
  <thread>48</thread>
  <message>加入全域變數</message>
</record>
<record>
  <date>2025-07-01T07:31:43.402920100Z</date>
  <millis>1751355103402</millis>
  <nanos>920100</nanos>
  <sequence>90</sequence>
  <logger>itri.sstc.freemarker.core.RequestHandler</logger>
  <level>INFO</level>
  <class>itri.sstc.freemarker.core.RequestHandler</class>
  <method>render</method>
  <thread>48</thread>
  <message>FTL Process time: 10ms</message>
</record>
<record>
  <date>2025-07-01T07:31:43.413737100Z</date>
  <millis>1751355103413</millis>
  <nanos>737100</nanos>
  <sequence>91</sequence>
  <logger>itri.sstc.framework.core.httpd.file.FileRequestHandleTask</logger>
  <level>INFO</level>
  <class>itri.sstc.framework.core.httpd.file.FileRequestHandleTask</class>
  <method>run</method>
  <thread>64</thread>
  <message>Thread[64] GET /html/AdminLTE/plugins/jQuery/jQuery-2.2.0.min.js</message>
</record>
<record>
  <date>2025-07-01T07:31:43.414709500Z</date>
  <millis>1751355103414</millis>
  <nanos>709500</nanos>
  <sequence>92</sequence>
  <logger>itri.sstc.framework.core.httpd.file.FileRequestHandleTask</logger>
  <level>INFO</level>
  <class>itri.sstc.framework.core.httpd.file.FileRequestHandleTask</class>
  <method>run</method>
  <thread>65</thread>
  <message>Thread[65] GET /html/style/ionicons/ionicons.min.css</message>
</record>
<record>
  <date>2025-07-01T07:31:43.414709500Z</date>
  <millis>1751355103414</millis>
  <nanos>709500</nanos>
  <sequence>93</sequence>
  <logger>itri.sstc.framework.core.httpd.file.FileRequestHandleTask</logger>
  <level>INFO</level>
  <class>itri.sstc.framework.core.httpd.file.FileRequestHandleTask</class>
  <method>run</method>
  <thread>66</thread>
  <message>Thread[66] GET /html/style/font-awesome-4.3.0/font-awesome.min.css</message>
</record>
<record>
  <date>2025-07-01T07:31:43.429292200Z</date>
  <millis>1751355103429</millis>
  <nanos>292200</nanos>
  <sequence>94</sequence>
  <logger>itri.sstc.framework.core.httpd.file.FileRequestHandleTask</logger>
  <level>INFO</level>
  <class>itri.sstc.framework.core.httpd.file.FileRequestHandleTask</class>
  <method>run</method>
  <thread>67</thread>
  <message>Thread[67] GET /html/AdminLTE/dist/css/AdminLTE.css</message>
</record>
<record>
  <date>2025-07-01T07:31:43.434630600Z</date>
  <millis>1751355103434</millis>
  <nanos>630600</nanos>
  <sequence>95</sequence>
  <logger>itri.sstc.framework.core.httpd.file.FileRequestHandleTask</logger>
  <level>INFO</level>
  <class>itri.sstc.framework.core.httpd.file.FileRequestHandleTask</class>
  <method>run</method>
  <thread>68</thread>
  <message>Thread[68] GET /html/AdminLTE/dist/css/skins/_all-skins.min.css</message>
</record>
<record>
  <date>2025-07-01T07:31:43.444326200Z</date>
  <millis>1751355103444</millis>
  <nanos>326200</nanos>
  <sequence>96</sequence>
  <logger>itri.sstc.framework.core.httpd.file.FileRequestHandleTask</logger>
  <level>INFO</level>
  <class>itri.sstc.framework.core.httpd.file.FileRequestHandleTask</class>
  <method>run</method>
  <thread>69</thread>
  <message>Thread[69] GET /html/AdminLTE/plugins/iCheck/all.css</message>
</record>
<record>
  <date>2025-07-01T07:31:43.454301600Z</date>
  <millis>1751355103454</millis>
  <nanos>301600</nanos>
  <sequence>97</sequence>
  <logger>itri.sstc.framework.core.httpd.file.FileRequestHandleTask</logger>
  <level>INFO</level>
  <class>itri.sstc.framework.core.httpd.file.FileRequestHandleTask</class>
  <method>run</method>
  <thread>70</thread>
  <message>Thread[70] GET /html/AdminLTE/plugins/jvectormap/jquery-jvectormap-1.2.2.css</message>
</record>
<record>
  <date>2025-07-01T07:31:43.455314700Z</date>
  <millis>1751355103455</millis>
  <nanos>314700</nanos>
  <sequence>98</sequence>
  <logger>itri.sstc.framework.core.httpd.file.FileRequestHandleTask</logger>
  <level>INFO</level>
  <class>itri.sstc.framework.core.httpd.file.FileRequestHandleTask</class>
  <method>run</method>
  <thread>71</thread>
  <message>Thread[71] GET /html/AdminLTE/plugins/morris/morris.css</message>
</record>
<record>
  <date>2025-07-01T07:31:43.462654900Z</date>
  <millis>1751355103462</millis>
  <nanos>654900</nanos>
  <sequence>99</sequence>
  <logger>itri.sstc.framework.core.httpd.file.FileRequestHandleTask</logger>
  <level>INFO</level>
  <class>itri.sstc.framework.core.httpd.file.FileRequestHandleTask</class>
  <method>run</method>
  <thread>72</thread>
  <message>Thread[72] GET /html/AdminLTE/plugins/daterangepicker/daterangepicker-bs3.css</message>
</record>
<record>
  <date>2025-07-01T07:31:43.462654900Z</date>
  <millis>1751355103462</millis>
  <nanos>654900</nanos>
  <sequence>100</sequence>
  <logger>itri.sstc.framework.core.httpd.file.FileRequestHandleTask</logger>
  <level>INFO</level>
  <class>itri.sstc.framework.core.httpd.file.FileRequestHandleTask</class>
  <method>run</method>
  <thread>73</thread>
  <message>Thread[73] GET /html/AdminLTE/plugins/bootstrap-wysihtml5/bootstrap3-wysihtml5.min.css</message>
</record>
<record>
  <date>2025-07-01T07:31:43.462654900Z</date>
  <millis>1751355103462</millis>
  <nanos>654900</nanos>
  <sequence>101</sequence>
  <logger>itri.sstc.framework.core.httpd.file.FileRequestHandleTask</logger>
  <level>INFO</level>
  <class>itri.sstc.framework.core.httpd.file.FileRequestHandleTask</class>
  <method>run</method>
  <thread>74</thread>
  <message>Thread[74] GET /html/AdminLTE/plugins/iCheck/square/blue.css</message>
</record>
<record>
  <date>2025-07-01T07:31:43.470958800Z</date>
  <millis>1751355103470</millis>
  <nanos>958800</nanos>
  <sequence>102</sequence>
  <logger>itri.sstc.framework.core.httpd.file.FileRequestHandleTask</logger>
  <level>INFO</level>
  <class>itri.sstc.framework.core.httpd.file.FileRequestHandleTask</class>
  <method>run</method>
  <thread>75</thread>
  <message>Thread[75] GET /html/AdminLTE/plugins/jQueryUI/jquery-ui-1.11.4.css</message>
</record>
<record>
  <date>2025-07-01T07:31:43.473004500Z</date>
  <millis>1751355103473</millis>
  <nanos>4500</nanos>
  <sequence>103</sequence>
  <logger>itri.sstc.framework.core.httpd.file.FileRequestHandleTask</logger>
  <level>INFO</level>
  <class>itri.sstc.framework.core.httpd.file.FileRequestHandleTask</class>
  <method>run</method>
  <thread>76</thread>
  <message>Thread[76] GET /html/script/jquery-multiselect/jquery.multiselect.css</message>
</record>
<record>
  <date>2025-07-01T07:31:43.474029900Z</date>
  <millis>1751355103474</millis>
  <nanos>29900</nanos>
  <sequence>104</sequence>
  <logger>itri.sstc.framework.core.httpd.file.FileRequestHandleTask</logger>
  <level>INFO</level>
  <class>itri.sstc.framework.core.httpd.file.FileRequestHandleTask</class>
  <method>run</method>
  <thread>77</thread>
  <message>Thread[77] GET /html/script/timepicker/jquery-ui-timepicker-addon.min.css</message>
</record>
<record>
  <date>2025-07-01T07:31:43.491454Z</date>
  <millis>1751355103491</millis>
  <nanos>454000</nanos>
  <sequence>105</sequence>
  <logger>itri.sstc.framework.core.httpd.file.FileRequestHandleTask</logger>
  <level>INFO</level>
  <class>itri.sstc.framework.core.httpd.file.FileRequestHandleTask</class>
  <method>run</method>
  <thread>78</thread>
  <message>Thread[78] GET /html/script/jquery-multiselect/jquery.multiselect.filter.css</message>
</record>
<record>
  <date>2025-07-01T07:31:43.491454Z</date>
  <millis>1751355103491</millis>
  <nanos>454000</nanos>
  <sequence>106</sequence>
  <logger>itri.sstc.framework.core.httpd.file.FileRequestHandleTask</logger>
  <level>INFO</level>
  <class>itri.sstc.framework.core.httpd.file.FileRequestHandleTask</class>
  <method>run</method>
  <thread>79</thread>
  <message>Thread[79] GET /html/script/fullcalendar/fullcalendar.css</message>
</record>
<record>
  <date>2025-07-01T07:31:43.491454Z</date>
  <millis>1751355103491</millis>
  <nanos>454000</nanos>
  <sequence>107</sequence>
  <logger>itri.sstc.framework.core.httpd.file.FileRequestHandleTask</logger>
  <level>INFO</level>
  <class>itri.sstc.framework.core.httpd.file.FileRequestHandleTask</class>
  <method>run</method>
  <thread>80</thread>
  <message>Thread[80] GET /html/AdminLTE/bootstrap/css/bootstrap.min.css</message>
</record>
<record>
  <date>2025-07-01T07:31:43.499239400Z</date>
  <millis>1751355103499</millis>
  <nanos>239400</nanos>
  <sequence>108</sequence>
  <logger>itri.sstc.framework.core.httpd.file.FileRequestHandleTask</logger>
  <level>INFO</level>
  <class>itri.sstc.framework.core.httpd.file.FileRequestHandleTask</class>
  <method>run</method>
  <thread>81</thread>
  <message>Thread[81] GET /html/AdminLTE/plugins/colorpicker/bootstrap-colorpicker.min.css</message>
</record>
<record>
  <date>2025-07-01T07:31:43.501724400Z</date>
  <millis>1751355103501</millis>
  <nanos>724400</nanos>
  <sequence>109</sequence>
  <logger>itri.sstc.framework.core.httpd.file.FileRequestHandleTask</logger>
  <level>INFO</level>
  <class>itri.sstc.framework.core.httpd.file.FileRequestHandleTask</class>
  <method>run</method>
  <thread>82</thread>
  <message>Thread[82] GET /html/script/jquery-file-upload/jquery.fileupload.css</message>
</record>
<record>
  <date>2025-07-01T07:31:43.509977600Z</date>
  <millis>1751355103509</millis>
  <nanos>977600</nanos>
  <sequence>110</sequence>
  <logger>itri.sstc.framework.core.httpd.file.FileRequestHandleTask</logger>
  <level>INFO</level>
  <class>itri.sstc.framework.core.httpd.file.FileRequestHandleTask</class>
  <method>run</method>
  <thread>83</thread>
  <message>Thread[83] GET /html/style/showcase.css</message>
</record>
<record>
  <date>2025-07-01T07:31:43.509977600Z</date>
  <millis>1751355103509</millis>
  <nanos>977600</nanos>
  <sequence>111</sequence>
  <logger>itri.sstc.framework.core.httpd.file.FileRequestHandleTask</logger>
  <level>INFO</level>
  <class>itri.sstc.framework.core.httpd.file.FileRequestHandleTask</class>
  <method>run</method>
  <thread>84</thread>
  <message>Thread[84] GET /html/AdminLTE/plugins/datatables/jquery.dataTables.css</message>
</record>
<record>
  <date>2025-07-01T07:31:43.509977600Z</date>
  <millis>1751355103509</millis>
  <nanos>977600</nanos>
  <sequence>112</sequence>
  <logger>itri.sstc.framework.core.httpd.file.FileRequestHandleTask</logger>
  <level>INFO</level>
  <class>itri.sstc.framework.core.httpd.file.FileRequestHandleTask</class>
  <method>run</method>
  <thread>85</thread>
  <message>Thread[85] GET /html/style/style.css</message>
</record>
<record>
  <date>2025-07-01T07:31:43.515544Z</date>
  <millis>1751355103515</millis>
  <nanos>544000</nanos>
  <sequence>113</sequence>
  <logger>itri.sstc.framework.core.httpd.file.FileRequestHandleTask</logger>
  <level>INFO</level>
  <class>itri.sstc.framework.core.httpd.file.FileRequestHandleTask</class>
  <method>run</method>
  <thread>86</thread>
  <message>Thread[86] GET /html/style/imas/user/justify.css</message>
</record>
<record>
  <date>2025-07-01T07:31:43.521985900Z</date>
  <millis>1751355103521</millis>
  <nanos>985900</nanos>
  <sequence>114</sequence>
  <logger>itri.sstc.framework.core.httpd.file.FileRequestHandleTask</logger>
  <level>INFO</level>
  <class>itri.sstc.framework.core.httpd.file.FileRequestHandleTask</class>
  <method>run</method>
  <thread>87</thread>
  <message>Thread[87] GET /html/script/jquery-loadmask/loadmask.css</message>
</record>
<record>
  <date>2025-07-01T07:31:43.522968900Z</date>
  <millis>1751355103522</millis>
  <nanos>968900</nanos>
  <sequence>115</sequence>
  <logger>itri.sstc.framework.core.httpd.file.FileRequestHandleTask</logger>
  <level>INFO</level>
  <class>itri.sstc.framework.core.httpd.file.FileRequestHandleTask</class>
  <method>run</method>
  <thread>88</thread>
  <message>Thread[88] GET /html/script/jquery-growl/jquery.growl.css</message>
</record>
<record>
  <date>2025-07-01T07:31:43.523942500Z</date>
  <millis>1751355103523</millis>
  <nanos>942500</nanos>
  <sequence>116</sequence>
  <logger>itri.sstc.framework.core.httpd.file.FileRequestHandleTask</logger>
  <level>INFO</level>
  <class>itri.sstc.framework.core.httpd.file.FileRequestHandleTask</class>
  <method>run</method>
  <thread>89</thread>
  <message>Thread[89] GET /html/script/jquery-timepicker/jquery.timepicker.css</message>
</record>
<record>
  <date>2025-07-01T07:31:43.529333200Z</date>
  <millis>1751355103529</millis>
  <nanos>333200</nanos>
  <sequence>117</sequence>
  <logger>itri.sstc.framework.core.httpd.file.FileRequestHandleTask</logger>
  <level>INFO</level>
  <class>itri.sstc.framework.core.httpd.file.FileRequestHandleTask</class>
  <method>run</method>
  <thread>90</thread>
  <message>Thread[90] GET /html/style/employee.css</message>
</record>
<record>
  <date>2025-07-01T07:31:43.529333200Z</date>
  <millis>1751355103529</millis>
  <nanos>333200</nanos>
  <sequence>118</sequence>
  <logger>itri.sstc.framework.core.httpd.file.FileRequestHandleTask</logger>
  <level>INFO</level>
  <class>itri.sstc.framework.core.httpd.file.FileRequestHandleTask</class>
  <method>run</method>
  <thread>91</thread>
  <message>Thread[91] GET /html/script/jquery.ganttView-master/jquery.ganttView.css</message>
</record>
<record>
  <date>2025-07-01T07:31:43.529333200Z</date>
  <millis>1751355103529</millis>
  <nanos>333200</nanos>
  <sequence>119</sequence>
  <logger>itri.sstc.framework.core.httpd.file.FileRequestHandleTask</logger>
  <level>INFO</level>
  <class>itri.sstc.framework.core.httpd.file.FileRequestHandleTask</class>
  <method>run</method>
  <thread>92</thread>
  <message>Thread[92] GET /html/script/jquery-qtip/jquery.qtip.min.css</message>
</record>
<record>
  <date>2025-07-01T07:31:43.534861Z</date>
  <millis>1751355103534</millis>
  <nanos>861000</nanos>
  <sequence>120</sequence>
  <logger>itri.sstc.framework.core.httpd.file.FileRequestHandleTask</logger>
  <level>INFO</level>
  <class>itri.sstc.framework.core.httpd.file.FileRequestHandleTask</class>
  <method>run</method>
  <thread>93</thread>
  <message>Thread[93] GET /html/style/imas/widget/sweetalert.css</message>
</record>
<record>
  <date>2025-07-01T07:31:43.536835900Z</date>
  <millis>1751355103536</millis>
  <nanos>835900</nanos>
  <sequence>121</sequence>
  <logger>itri.sstc.framework.core.httpd.file.FileRequestHandleTask</logger>
  <level>INFO</level>
  <class>itri.sstc.framework.core.httpd.file.FileRequestHandleTask</class>
  <method>run</method>
  <thread>94</thread>
  <message>Thread[94] GET /html/AdminLTE/plugins/iCheck/minimal/_all.css</message>
</record>
<record>
  <date>2025-07-01T07:31:43.537880100Z</date>
  <millis>1751355103537</millis>
  <nanos>880100</nanos>
  <sequence>122</sequence>
  <logger>itri.sstc.framework.core.httpd.file.FileRequestHandleTask</logger>
  <level>INFO</level>
  <class>itri.sstc.framework.core.httpd.file.FileRequestHandleTask</class>
  <method>run</method>
  <thread>95</thread>
  <message>Thread[95] GET /html/AdminLTE/plugins/iCheck/square/_all.css</message>
</record>
<record>
  <date>2025-07-01T07:31:43.542348700Z</date>
  <millis>1751355103542</millis>
  <nanos>348700</nanos>
  <sequence>123</sequence>
  <logger>itri.sstc.framework.core.httpd.file.FileRequestHandleTask</logger>
  <level>INFO</level>
  <class>itri.sstc.framework.core.httpd.file.FileRequestHandleTask</class>
  <method>run</method>
  <thread>96</thread>
  <message>Thread[96] GET /html/AdminLTE/plugins/iCheck/flat/_all.css</message>
</record>
<record>
  <date>2025-07-01T07:31:43.546875500Z</date>
  <millis>1751355103546</millis>
  <nanos>875500</nanos>
  <sequence>124</sequence>
  <logger>itri.sstc.framework.core.httpd.file.FileRequestHandleTask</logger>
  <level>INFO</level>
  <class>itri.sstc.framework.core.httpd.file.FileRequestHandleTask</class>
  <method>run</method>
  <thread>97</thread>
  <message>Thread[97] GET /html/AdminLTE/plugins/iCheck/line/_all.css</message>
</record>
<record>
  <date>2025-07-01T07:31:43.546875500Z</date>
  <millis>1751355103546</millis>
  <nanos>875500</nanos>
  <sequence>125</sequence>
  <logger>itri.sstc.framework.core.httpd.file.FileRequestHandleTask</logger>
  <level>INFO</level>
  <class>itri.sstc.framework.core.httpd.file.FileRequestHandleTask</class>
  <method>run</method>
  <thread>98</thread>
  <message>Thread[98] GET /html/AdminLTE/plugins/iCheck/polaris/polaris.css</message>
</record>
<record>
  <date>2025-07-01T07:31:43.554133800Z</date>
  <millis>1751355103554</millis>
  <nanos>133800</nanos>
  <sequence>126</sequence>
  <logger>itri.sstc.framework.core.httpd.file.FileRequestHandleTask</logger>
  <level>INFO</level>
  <class>itri.sstc.framework.core.httpd.file.FileRequestHandleTask</class>
  <method>run</method>
  <thread>99</thread>
  <message>Thread[99] GET /html/AdminLTE/plugins/iCheck/futurico/futurico.css</message>
</record>
<record>
  <date>2025-07-01T07:31:43.558233700Z</date>
  <millis>1751355103558</millis>
  <nanos>233700</nanos>
  <sequence>127</sequence>
  <logger>itri.sstc.framework.core.httpd.file.FileRequestHandleTask</logger>
  <level>INFO</level>
  <class>itri.sstc.framework.core.httpd.file.FileRequestHandleTask</class>
  <method>run</method>
  <thread>100</thread>
  <message>Thread[100] GET /html/script/timepicker/jquery.ui.datepicker-zh-TW.js</message>
</record>
<record>
  <date>2025-07-01T07:31:43.563099800Z</date>
  <millis>1751355103563</millis>
  <nanos>99800</nanos>
  <sequence>128</sequence>
  <logger>itri.sstc.framework.core.httpd.file.FileRequestHandleTask</logger>
  <level>INFO</level>
  <class>itri.sstc.framework.core.httpd.file.FileRequestHandleTask</class>
  <method>run</method>
  <thread>101</thread>
  <message>Thread[101] GET /html/AdminLTE/plugins/jQueryUI/jquery-ui.js</message>
</record>
<record>
  <date>2025-07-01T07:31:43.565158200Z</date>
  <millis>1751355103565</millis>
  <nanos>158200</nanos>
  <sequence>129</sequence>
  <logger>itri.sstc.framework.core.httpd.file.FileRequestHandleTask</logger>
  <level>INFO</level>
  <class>itri.sstc.framework.core.httpd.file.FileRequestHandleTask</class>
  <method>run</method>
  <thread>102</thread>
  <message>Thread[102] GET /html/script/timepicker/jquery-ui-timepicker-addon.min.js</message>
</record>
<record>
  <date>2025-07-01T07:31:43.569840700Z</date>
  <millis>1751355103569</millis>
  <nanos>840700</nanos>
  <sequence>130</sequence>
  <logger>itri.sstc.framework.core.httpd.file.FileRequestHandleTask</logger>
  <level>INFO</level>
  <class>itri.sstc.framework.core.httpd.file.FileRequestHandleTask</class>
  <method>run</method>
  <thread>103</thread>
  <message>Thread[103] GET /html/script/timepicker/jquery-ui-sliderAccess.js</message>
</record>
<record>
  <date>2025-07-01T07:31:43.580818900Z</date>
  <millis>1751355103580</millis>
  <nanos>818900</nanos>
  <sequence>131</sequence>
  <logger>itri.sstc.framework.core.httpd.file.FileRequestHandleTask</logger>
  <level>INFO</level>
  <class>itri.sstc.framework.core.httpd.file.FileRequestHandleTask</class>
  <method>run</method>
  <thread>104</thread>
  <message>Thread[104] GET /html/script/timepicker/jquery-ui-timepicker-zh-TW.js</message>
</record>
<record>
  <date>2025-07-01T07:31:43.581948800Z</date>
  <millis>1751355103581</millis>
  <nanos>948800</nanos>
  <sequence>132</sequence>
  <logger>itri.sstc.framework.core.httpd.file.FileRequestHandleTask</logger>
  <level>INFO</level>
  <class>itri.sstc.framework.core.httpd.file.FileRequestHandleTask</class>
  <method>run</method>
  <thread>105</thread>
  <message>Thread[105] GET /html/script/jquery-multiselect/src/jquery.multiselect.min.js</message>
</record>
<record>
  <date>2025-07-01T07:31:43.590549300Z</date>
  <millis>1751355103590</millis>
  <nanos>549300</nanos>
  <sequence>133</sequence>
  <logger>itri.sstc.framework.core.httpd.file.FileRequestHandleTask</logger>
  <level>INFO</level>
  <class>itri.sstc.framework.core.httpd.file.FileRequestHandleTask</class>
  <method>run</method>
  <thread>106</thread>
  <message>Thread[106] GET /html/script/jquery-multiselect/src/jquery.multiselect.filter.js</message>
</record>
<record>
  <date>2025-07-01T07:31:43.592793300Z</date>
  <millis>1751355103592</millis>
  <nanos>793300</nanos>
  <sequence>134</sequence>
  <logger>itri.sstc.framework.core.httpd.file.FileRequestHandleTask</logger>
  <level>INFO</level>
  <class>itri.sstc.framework.core.httpd.file.FileRequestHandleTask</class>
  <method>run</method>
  <thread>107</thread>
  <message>Thread[107] GET /html/AdminLTE/bootstrap/js/bootstrap.min.js</message>
</record>
<record>
  <date>2025-07-01T07:31:43.601673400Z</date>
  <millis>1751355103601</millis>
  <nanos>673400</nanos>
  <sequence>135</sequence>
  <logger>itri.sstc.framework.core.httpd.file.FileRequestHandleTask</logger>
  <level>INFO</level>
  <class>itri.sstc.framework.core.httpd.file.FileRequestHandleTask</class>
  <method>run</method>
  <thread>108</thread>
  <message>Thread[108] GET /html/AdminLTE/plugins/morris/morris.min.js</message>
</record>
<record>
  <date>2025-07-01T07:31:43.610643200Z</date>
  <millis>1751355103610</millis>
  <nanos>643200</nanos>
  <sequence>136</sequence>
  <logger>itri.sstc.framework.core.httpd.file.FileRequestHandleTask</logger>
  <level>INFO</level>
  <class>itri.sstc.framework.core.httpd.file.FileRequestHandleTask</class>
  <method>run</method>
  <thread>109</thread>
  <message>Thread[109] GET /html/AdminLTE/plugins/Chart.js</message>
</record>
<record>
  <date>2025-07-01T07:31:43.619929500Z</date>
  <millis>1751355103619</millis>
  <nanos>929500</nanos>
  <sequence>137</sequence>
  <logger>itri.sstc.framework.core.httpd.file.FileRequestHandleTask</logger>
  <level>INFO</level>
  <class>itri.sstc.framework.core.httpd.file.FileRequestHandleTask</class>
  <method>run</method>
  <thread>110</thread>
  <message>Thread[110] GET /html/AdminLTE/plugins/sparkline/jquery.sparkline.min.js</message>
</record>
<record>
  <date>2025-07-01T07:31:43.619929500Z</date>
  <millis>1751355103619</millis>
  <nanos>929500</nanos>
  <sequence>138</sequence>
  <logger>itri.sstc.framework.core.httpd.file.FileRequestHandleTask</logger>
  <level>INFO</level>
  <class>itri.sstc.framework.core.httpd.file.FileRequestHandleTask</class>
  <method>run</method>
  <thread>111</thread>
  <message>Thread[111] GET /html/AdminLTE/plugins/jvectormap/jquery-jvectormap-1.2.2.min.js</message>
</record>
<record>
  <date>2025-07-01T07:31:43.639308500Z</date>
  <millis>1751355103639</millis>
  <nanos>308500</nanos>
  <sequence>139</sequence>
  <logger>itri.sstc.framework.core.httpd.file.FileRequestHandleTask</logger>
  <level>INFO</level>
  <class>itri.sstc.framework.core.httpd.file.FileRequestHandleTask</class>
  <method>run</method>
  <thread>112</thread>
  <message>Thread[112] GET /html/AdminLTE/plugins/jvectormap/jquery-jvectormap-world-mill-en.js</message>
</record>
<record>
  <date>2025-07-01T07:31:43.655221600Z</date>
  <millis>1751355103655</millis>
  <nanos>221600</nanos>
  <sequence>140</sequence>
  <logger>itri.sstc.framework.core.httpd.file.FileRequestHandleTask</logger>
  <level>INFO</level>
  <class>itri.sstc.framework.core.httpd.file.FileRequestHandleTask</class>
  <method>run</method>
  <thread>113</thread>
  <message>Thread[113] GET /html/AdminLTE/plugins/knob/jquery.knob.js</message>
</record>
<record>
  <date>2025-07-01T07:31:43.663930Z</date>
  <millis>1751355103663</millis>
  <nanos>930000</nanos>
  <sequence>141</sequence>
  <logger>itri.sstc.framework.core.httpd.file.FileRequestHandleTask</logger>
  <level>INFO</level>
  <class>itri.sstc.framework.core.httpd.file.FileRequestHandleTask</class>
  <method>run</method>
  <thread>114</thread>
  <message>Thread[114] GET /html/script/moment/moment.min.js</message>
</record>
<record>
  <date>2025-07-01T07:31:43.670527300Z</date>
  <millis>1751355103670</millis>
  <nanos>527300</nanos>
  <sequence>142</sequence>
  <logger>itri.sstc.framework.core.httpd.file.FileRequestHandleTask</logger>
  <level>INFO</level>
  <class>itri.sstc.framework.core.httpd.file.FileRequestHandleTask</class>
  <method>run</method>
  <thread>115</thread>
  <message>Thread[115] GET /html/AdminLTE/plugins/daterangepicker/daterangepicker.js</message>
</record>
<record>
  <date>2025-07-01T07:31:43.670527300Z</date>
  <millis>1751355103670</millis>
  <nanos>527300</nanos>
  <sequence>143</sequence>
  <logger>itri.sstc.framework.core.httpd.file.FileRequestHandleTask</logger>
  <level>INFO</level>
  <class>itri.sstc.framework.core.httpd.file.FileRequestHandleTask</class>
  <method>run</method>
  <thread>116</thread>
  <message>Thread[116] GET /html/AdminLTE/plugins/bootstrap-wysihtml5/bootstrap3-wysihtml5.all.min.js</message>
</record>
<record>
  <date>2025-07-01T07:31:43.685315500Z</date>
  <millis>1751355103685</millis>
  <nanos>315500</nanos>
  <sequence>144</sequence>
  <logger>itri.sstc.framework.core.httpd.file.FileRequestHandleTask</logger>
  <level>INFO</level>
  <class>itri.sstc.framework.core.httpd.file.FileRequestHandleTask</class>
  <method>run</method>
  <thread>117</thread>
  <message>Thread[117] GET /html/AdminLTE/plugins/slimScroll/jquery.slimscroll.min.js</message>
</record>
<record>
  <date>2025-07-01T07:31:43.687720600Z</date>
  <millis>1751355103687</millis>
  <nanos>720600</nanos>
  <sequence>145</sequence>
  <logger>itri.sstc.framework.core.httpd.file.FileRequestHandleTask</logger>
  <level>INFO</level>
  <class>itri.sstc.framework.core.httpd.file.FileRequestHandleTask</class>
  <method>run</method>
  <thread>118</thread>
  <message>Thread[118] GET /html/AdminLTE/plugins/iCheck/icheck.min.js</message>
</record>
<record>
  <date>2025-07-01T07:31:43.706422100Z</date>
  <millis>1751355103706</millis>
  <nanos>422100</nanos>
  <sequence>146</sequence>
  <logger>itri.sstc.framework.core.httpd.file.FileRequestHandleTask</logger>
  <level>INFO</level>
  <class>itri.sstc.framework.core.httpd.file.FileRequestHandleTask</class>
  <method>run</method>
  <thread>119</thread>
  <message>Thread[119] GET /html/AdminLTE/plugins/input-mask/jquery.inputmask.js</message>
</record>
<record>
  <date>2025-07-01T07:31:43.707695700Z</date>
  <millis>1751355103707</millis>
  <nanos>695700</nanos>
  <sequence>147</sequence>
  <logger>itri.sstc.framework.core.httpd.file.FileRequestHandleTask</logger>
  <level>INFO</level>
  <class>itri.sstc.framework.core.httpd.file.FileRequestHandleTask</class>
  <method>run</method>
  <thread>120</thread>
  <message>Thread[120] GET /html/AdminLTE/plugins/input-mask/jquery.inputmask.date.extensions.js</message>
</record>
<record>
  <date>2025-07-01T07:31:43.714514400Z</date>
  <millis>1751355103714</millis>
  <nanos>514400</nanos>
  <sequence>148</sequence>
  <logger>itri.sstc.framework.core.httpd.file.FileRequestHandleTask</logger>
  <level>INFO</level>
  <class>itri.sstc.framework.core.httpd.file.FileRequestHandleTask</class>
  <method>run</method>
  <thread>121</thread>
  <message>Thread[121] GET /html/AdminLTE/plugins/input-mask/jquery.inputmask.extensions.js</message>
</record>
<record>
  <date>2025-07-01T07:31:43.726695400Z</date>
  <millis>1751355103726</millis>
  <nanos>695400</nanos>
  <sequence>149</sequence>
  <logger>itri.sstc.framework.core.httpd.file.FileRequestHandleTask</logger>
  <level>INFO</level>
  <class>itri.sstc.framework.core.httpd.file.FileRequestHandleTask</class>
  <method>run</method>
  <thread>122</thread>
  <message>Thread[122] GET /html/script/fullcalendar/fullcalendar.js</message>
</record>
<record>
  <date>2025-07-01T07:31:43.734044700Z</date>
  <millis>1751355103734</millis>
  <nanos>44700</nanos>
  <sequence>150</sequence>
  <logger>itri.sstc.framework.core.httpd.file.FileRequestHandleTask</logger>
  <level>INFO</level>
  <class>itri.sstc.framework.core.httpd.file.FileRequestHandleTask</class>
  <method>run</method>
  <thread>123</thread>
  <message>Thread[123] GET /html/AdminLTE/plugins/colorpicker/bootstrap-colorpicker.min.js</message>
</record>
<record>
  <date>2025-07-01T07:31:43.735991100Z</date>
  <millis>1751355103735</millis>
  <nanos>991100</nanos>
  <sequence>151</sequence>
  <logger>itri.sstc.framework.core.httpd.file.FileRequestHandleTask</logger>
  <level>INFO</level>
  <class>itri.sstc.framework.core.httpd.file.FileRequestHandleTask</class>
  <method>run</method>
  <thread>124</thread>
  <message>Thread[124] GET /html/script/cityArea/cityArea.js</message>
</record>
<record>
  <date>2025-07-01T07:31:43.752257400Z</date>
  <millis>1751355103752</millis>
  <nanos>257400</nanos>
  <sequence>152</sequence>
  <logger>itri.sstc.framework.core.httpd.file.FileRequestHandleTask</logger>
  <level>INFO</level>
  <class>itri.sstc.framework.core.httpd.file.FileRequestHandleTask</class>
  <method>run</method>
  <thread>125</thread>
  <message>Thread[125] GET /html/script/ppm/cloud.js</message>
</record>
<record>
  <date>2025-07-01T07:31:43.755235Z</date>
  <millis>1751355103755</millis>
  <nanos>235000</nanos>
  <sequence>153</sequence>
  <logger>itri.sstc.framework.core.httpd.file.FileRequestHandleTask</logger>
  <level>INFO</level>
  <class>itri.sstc.framework.core.httpd.file.FileRequestHandleTask</class>
  <method>run</method>
  <thread>126</thread>
  <message>Thread[126] GET /html/script/jquery-file-upload/jquery.iframe-transport.js</message>
</record>
<record>
  <date>2025-07-01T07:31:43.757181700Z</date>
  <millis>1751355103757</millis>
  <nanos>181700</nanos>
  <sequence>154</sequence>
  <logger>itri.sstc.framework.core.httpd.file.FileRequestHandleTask</logger>
  <level>INFO</level>
  <class>itri.sstc.framework.core.httpd.file.FileRequestHandleTask</class>
  <method>run</method>
  <thread>127</thread>
  <message>Thread[127] GET /html/script/jquery-file-upload/jquery.fileupload.js</message>
</record>
<record>
  <date>2025-07-01T07:31:43.768861500Z</date>
  <millis>1751355103768</millis>
  <nanos>861500</nanos>
  <sequence>155</sequence>
  <logger>itri.sstc.framework.core.httpd.file.FileRequestHandleTask</logger>
  <level>INFO</level>
  <class>itri.sstc.framework.core.httpd.file.FileRequestHandleTask</class>
  <method>run</method>
  <thread>128</thread>
  <message>Thread[128] GET /html/AdminLTE/dist/js/app.min.js</message>
</record>
<record>
  <date>2025-07-01T07:31:43.776647800Z</date>
  <millis>1751355103776</millis>
  <nanos>647800</nanos>
  <sequence>156</sequence>
  <logger>itri.sstc.framework.core.httpd.file.FileRequestHandleTask</logger>
  <level>INFO</level>
  <class>itri.sstc.framework.core.httpd.file.FileRequestHandleTask</class>
  <method>run</method>
  <thread>129</thread>
  <message>Thread[129] GET /html/AdminLTE/dist/js/demo.js</message>
</record>
<record>
  <date>2025-07-01T07:31:43.779096400Z</date>
  <millis>1751355103779</millis>
  <nanos>96400</nanos>
  <sequence>157</sequence>
  <logger>itri.sstc.framework.core.httpd.file.FileRequestHandleTask</logger>
  <level>INFO</level>
  <class>itri.sstc.framework.core.httpd.file.FileRequestHandleTask</class>
  <method>run</method>
  <thread>130</thread>
  <message>Thread[130] GET /html/script/mlog.form.js</message>
</record>
<record>
  <date>2025-07-01T07:31:43.784936600Z</date>
  <millis>1751355103784</millis>
  <nanos>936600</nanos>
  <sequence>158</sequence>
  <logger>itri.sstc.framework.core.httpd.file.FileRequestHandleTask</logger>
  <level>INFO</level>
  <class>itri.sstc.framework.core.httpd.file.FileRequestHandleTask</class>
  <method>run</method>
  <thread>131</thread>
  <message>Thread[131] GET /html/script/mlog.dialog.js</message>
</record>
<record>
  <date>2025-07-01T07:31:43.793357100Z</date>
  <millis>1751355103793</millis>
  <nanos>357100</nanos>
  <sequence>159</sequence>
  <logger>itri.sstc.framework.core.httpd.file.FileRequestHandleTask</logger>
  <level>INFO</level>
  <class>itri.sstc.framework.core.httpd.file.FileRequestHandleTask</class>
  <method>run</method>
  <thread>132</thread>
  <message>Thread[132] GET /html/script/mlog.calendar.js</message>
</record>
<record>
  <date>2025-07-01T07:31:43.802105300Z</date>
  <millis>1751355103802</millis>
  <nanos>105300</nanos>
  <sequence>160</sequence>
  <logger>itri.sstc.framework.core.httpd.file.FileRequestHandleTask</logger>
  <level>INFO</level>
  <class>itri.sstc.framework.core.httpd.file.FileRequestHandleTask</class>
  <method>run</method>
  <thread>133</thread>
  <message>Thread[133] GET /html/script/mlog.autocomplete.js</message>
</record>
<record>
  <date>2025-07-01T07:31:43.803083500Z</date>
  <millis>1751355103803</millis>
  <nanos>83500</nanos>
  <sequence>161</sequence>
  <logger>itri.sstc.framework.core.httpd.file.FileRequestHandleTask</logger>
  <level>INFO</level>
  <class>itri.sstc.framework.core.httpd.file.FileRequestHandleTask</class>
  <method>run</method>
  <thread>134</thread>
  <message>Thread[134] GET /html/script/mlog.datatable.js</message>
</record>
<record>
  <date>2025-07-01T07:31:43.806850900Z</date>
  <millis>1751355103806</millis>
  <nanos>850900</nanos>
  <sequence>162</sequence>
  <logger>itri.sstc.framework.core.httpd.file.FileRequestHandleTask</logger>
  <level>INFO</level>
  <class>itri.sstc.framework.core.httpd.file.FileRequestHandleTask</class>
  <method>run</method>
  <thread>135</thread>
  <message>Thread[135] GET /html/script/mlog.chart.js</message>
</record>
<record>
  <date>2025-07-01T07:31:43.813628200Z</date>
  <millis>1751355103813</millis>
  <nanos>628200</nanos>
  <sequence>163</sequence>
  <logger>itri.sstc.framework.core.httpd.file.FileRequestHandleTask</logger>
  <level>INFO</level>
  <class>itri.sstc.framework.core.httpd.file.FileRequestHandleTask</class>
  <method>run</method>
  <thread>136</thread>
  <message>Thread[136] GET /html/script/mlog.utils.js</message>
</record>
<record>
  <date>2025-07-01T07:31:43.821846300Z</date>
  <millis>1751355103821</millis>
  <nanos>846300</nanos>
  <sequence>164</sequence>
  <logger>itri.sstc.framework.core.httpd.file.FileRequestHandleTask</logger>
  <level>INFO</level>
  <class>itri.sstc.framework.core.httpd.file.FileRequestHandleTask</class>
  <method>run</method>
  <thread>137</thread>
  <message>Thread[137] GET /html/script/mlog.stat.js</message>
</record>
<record>
  <date>2025-07-01T07:31:43.822819300Z</date>
  <millis>1751355103822</millis>
  <nanos>819300</nanos>
  <sequence>165</sequence>
  <logger>itri.sstc.framework.core.httpd.file.FileRequestHandleTask</logger>
  <level>INFO</level>
  <class>itri.sstc.framework.core.httpd.file.FileRequestHandleTask</class>
  <method>run</method>
  <thread>138</thread>
  <message>Thread[138] GET /html/script/custom.js</message>
</record>
<record>
  <date>2025-07-01T07:31:43.830759Z</date>
  <millis>1751355103830</millis>
  <nanos>759000</nanos>
  <sequence>166</sequence>
  <logger>itri.sstc.framework.core.httpd.file.FileRequestHandleTask</logger>
  <level>INFO</level>
  <class>itri.sstc.framework.core.httpd.file.FileRequestHandleTask</class>
  <method>run</method>
  <thread>139</thread>
  <message>Thread[139] GET /html/script/mlog.editor.js</message>
</record>
<record>
  <date>2025-07-01T07:31:43.835945Z</date>
  <millis>1751355103835</millis>
  <nanos>945000</nanos>
  <sequence>167</sequence>
  <logger>itri.sstc.framework.core.httpd.file.FileRequestHandleTask</logger>
  <level>INFO</level>
  <class>itri.sstc.framework.core.httpd.file.FileRequestHandleTask</class>
  <method>run</method>
  <thread>140</thread>
  <message>Thread[140] GET /html/script/kindeditor/kindeditor.js</message>
</record>
<record>
  <date>2025-07-01T07:31:43.839837700Z</date>
  <millis>1751355103839</millis>
  <nanos>837700</nanos>
  <sequence>168</sequence>
  <logger>itri.sstc.framework.core.httpd.file.FileRequestHandleTask</logger>
  <level>INFO</level>
  <class>itri.sstc.framework.core.httpd.file.FileRequestHandleTask</class>
  <method>run</method>
  <thread>141</thread>
  <message>Thread[141] GET /html/AdminLTE/plugins/datatables/jquery.dataTables.min.js</message>
</record>
<record>
  <date>2025-07-01T07:31:43.848723600Z</date>
  <millis>1751355103848</millis>
  <nanos>723600</nanos>
  <sequence>169</sequence>
  <logger>itri.sstc.framework.core.httpd.file.FileRequestHandleTask</logger>
  <level>INFO</level>
  <class>itri.sstc.framework.core.httpd.file.FileRequestHandleTask</class>
  <method>run</method>
  <thread>142</thread>
  <message>Thread[142] GET /html/script/jquery-validation/jquery.validate.js</message>
</record>
<record>
  <date>2025-07-01T07:31:43.973612500Z</date>
  <millis>1751355103973</millis>
  <nanos>612500</nanos>
  <sequence>170</sequence>
  <logger>itri.sstc.framework.core.httpd.file.FileRequestHandleTask</logger>
  <level>INFO</level>
  <class>itri.sstc.framework.core.httpd.file.FileRequestHandleTask</class>
  <method>run</method>
  <thread>143</thread>
  <message>Thread[143] GET /html/script/jquery-validation/jquery.metadata.js</message>
</record>
<record>
  <date>2025-07-01T07:31:43.993884400Z</date>
  <millis>1751355103993</millis>
  <nanos>884400</nanos>
  <sequence>171</sequence>
  <logger>itri.sstc.framework.core.httpd.file.FileRequestHandleTask</logger>
  <level>INFO</level>
  <class>itri.sstc.framework.core.httpd.file.FileRequestHandleTask</class>
  <method>run</method>
  <thread>144</thread>
  <message>Thread[144] GET /html/script/jquery-validation/validate.method.js</message>
</record>
<record>
  <date>2025-07-01T07:31:43.998575Z</date>
  <millis>1751355103998</millis>
  <nanos>575000</nanos>
  <sequence>172</sequence>
  <logger>itri.sstc.framework.core.httpd.file.FileRequestHandleTask</logger>
  <level>INFO</level>
  <class>itri.sstc.framework.core.httpd.file.FileRequestHandleTask</class>
  <method>run</method>
  <thread>145</thread>
  <message>Thread[145] GET /html/script/jquery-validation/additional-methods.js</message>
</record>
<record>
  <date>2025-07-01T07:31:44.005474300Z</date>
  <millis>1751355104005</millis>
  <nanos>474300</nanos>
  <sequence>173</sequence>
  <logger>itri.sstc.framework.core.httpd.file.FileRequestHandleTask</logger>
  <level>INFO</level>
  <class>itri.sstc.framework.core.httpd.file.FileRequestHandleTask</class>
  <method>run</method>
  <thread>146</thread>
  <message>Thread[146] GET /html/script/jquery-sliderkit/jquery.easing.1.3.min.js</message>
</record>
<record>
  <date>2025-07-01T07:31:44.018949700Z</date>
  <millis>1751355104018</millis>
  <nanos>949700</nanos>
  <sequence>174</sequence>
  <logger>itri.sstc.framework.core.httpd.file.FileRequestHandleTask</logger>
  <level>INFO</level>
  <class>itri.sstc.framework.core.httpd.file.FileRequestHandleTask</class>
  <method>run</method>
  <thread>147</thread>
  <message>Thread[147] GET /html/script/jquery-sliderkit/jquery.mousewheel.min.js</message>
</record>
<record>
  <date>2025-07-01T07:31:44.027280300Z</date>
  <millis>1751355104027</millis>
  <nanos>280300</nanos>
  <sequence>175</sequence>
  <logger>itri.sstc.framework.core.httpd.file.FileRequestHandleTask</logger>
  <level>INFO</level>
  <class>itri.sstc.framework.core.httpd.file.FileRequestHandleTask</class>
  <method>run</method>
  <thread>148</thread>
  <message>Thread[148] GET /html/script/jquery-sliderkit/jquery.sliderkit.1.9.2.pack.js</message>
</record>
<record>
  <date>2025-07-01T07:31:44.029226600Z</date>
  <millis>1751355104029</millis>
  <nanos>226600</nanos>
  <sequence>176</sequence>
  <logger>itri.sstc.framework.core.httpd.file.FileRequestHandleTask</logger>
  <level>INFO</level>
  <class>itri.sstc.framework.core.httpd.file.FileRequestHandleTask</class>
  <method>run</method>
  <thread>149</thread>
  <message>Thread[149] GET /html/script/jquery-loadmask/loadmask.js</message>
</record>
<record>
  <date>2025-07-01T07:31:44.035309400Z</date>
  <millis>1751355104035</millis>
  <nanos>309400</nanos>
  <sequence>177</sequence>
  <logger>itri.sstc.framework.core.httpd.file.FileRequestHandleTask</logger>
  <level>INFO</level>
  <class>itri.sstc.framework.core.httpd.file.FileRequestHandleTask</class>
  <method>run</method>
  <thread>150</thread>
  <message>Thread[150] GET /html/script/jquery-growl/jquery.growl.js</message>
</record>
<record>
  <date>2025-07-01T07:31:44.038992600Z</date>
  <millis>1751355104038</millis>
  <nanos>992600</nanos>
  <sequence>178</sequence>
  <logger>itri.sstc.framework.core.httpd.file.FileRequestHandleTask</logger>
  <level>INFO</level>
  <class>itri.sstc.framework.core.httpd.file.FileRequestHandleTask</class>
  <method>run</method>
  <thread>151</thread>
  <message>Thread[151] GET /html/script/jquery-timepicker/jquery.timepicker.min.js</message>
</record>
<record>
  <date>2025-07-01T07:31:44.041217Z</date>
  <millis>1751355104041</millis>
  <nanos>217000</nanos>
  <sequence>179</sequence>
  <logger>itri.sstc.framework.core.httpd.file.FileRequestHandleTask</logger>
  <level>INFO</level>
  <class>itri.sstc.framework.core.httpd.file.FileRequestHandleTask</class>
  <method>run</method>
  <thread>152</thread>
  <message>Thread[152] GET /html/script/employee.js</message>
</record>
<record>
  <date>2025-07-01T07:31:44.048193100Z</date>
  <millis>1751355104048</millis>
  <nanos>193100</nanos>
  <sequence>180</sequence>
  <logger>itri.sstc.framework.core.httpd.file.FileRequestHandleTask</logger>
  <level>INFO</level>
  <class>itri.sstc.framework.core.httpd.file.FileRequestHandleTask</class>
  <method>run</method>
  <thread>153</thread>
  <message>Thread[153] GET /html/script/wg.template.js</message>
</record>
<record>
  <date>2025-07-01T07:31:44.052381800Z</date>
  <millis>1751355104052</millis>
  <nanos>381800</nanos>
  <sequence>181</sequence>
  <logger>itri.sstc.framework.core.httpd.file.FileRequestHandleTask</logger>
  <level>INFO</level>
  <class>itri.sstc.framework.core.httpd.file.FileRequestHandleTask</class>
  <method>run</method>
  <thread>154</thread>
  <message>Thread[154] GET /html/script/wg.evalForm.js</message>
</record>
<record>
  <date>2025-07-01T07:31:44.057769200Z</date>
  <millis>1751355104057</millis>
  <nanos>769200</nanos>
  <sequence>182</sequence>
  <logger>itri.sstc.framework.core.httpd.file.FileRequestHandleTask</logger>
  <level>INFO</level>
  <class>itri.sstc.framework.core.httpd.file.FileRequestHandleTask</class>
  <method>run</method>
  <thread>155</thread>
  <message>Thread[155] GET /html/script/jquery.ganttView-master/date-zh-TW.js</message>
</record>
<record>
  <date>2025-07-01T07:31:44.062679Z</date>
  <millis>1751355104062</millis>
  <nanos>679000</nanos>
  <sequence>183</sequence>
  <logger>itri.sstc.framework.core.httpd.file.FileRequestHandleTask</logger>
  <level>INFO</level>
  <class>itri.sstc.framework.core.httpd.file.FileRequestHandleTask</class>
  <method>run</method>
  <thread>156</thread>
  <message>Thread[156] GET /html/script/jquery.ganttView-master/jquery.ganttView.js</message>
</record>
<record>
  <date>2025-07-01T07:31:44.067444Z</date>
  <millis>1751355104067</millis>
  <nanos>444000</nanos>
  <sequence>184</sequence>
  <logger>itri.sstc.framework.core.httpd.file.FileRequestHandleTask</logger>
  <level>INFO</level>
  <class>itri.sstc.framework.core.httpd.file.FileRequestHandleTask</class>
  <method>run</method>
  <thread>157</thread>
  <message>Thread[157] GET /html/script/jquery-qtip/jquery.qtip.min.js</message>
</record>
<record>
  <date>2025-07-01T07:31:44.076387600Z</date>
  <millis>1751355104076</millis>
  <nanos>387600</nanos>
  <sequence>185</sequence>
  <logger>itri.sstc.framework.core.httpd.file.FileRequestHandleTask</logger>
  <level>INFO</level>
  <class>itri.sstc.framework.core.httpd.file.FileRequestHandleTask</class>
  <method>run</method>
  <thread>158</thread>
  <message>Thread[158] GET /html/plug-in/cookie/jquery.cookie.js</message>
</record>
<record>
  <date>2025-07-01T07:31:44.085643400Z</date>
  <millis>1751355104085</millis>
  <nanos>643400</nanos>
  <sequence>186</sequence>
  <logger>itri.sstc.framework.core.httpd.file.FileRequestHandleTask</logger>
  <level>INFO</level>
  <class>itri.sstc.framework.core.httpd.file.FileRequestHandleTask</class>
  <method>run</method>
  <thread>159</thread>
  <message>Thread[159] GET /html/script/security/tripledes.js</message>
</record>
<record>
  <date>2025-07-01T07:31:44.089396700Z</date>
  <millis>1751355104089</millis>
  <nanos>396700</nanos>
  <sequence>187</sequence>
  <logger>itri.sstc.framework.core.httpd.file.FileRequestHandleTask</logger>
  <level>INFO</level>
  <class>itri.sstc.framework.core.httpd.file.FileRequestHandleTask</class>
  <method>run</method>
  <thread>160</thread>
  <message>Thread[160] GET /html/script/security/mode-ecb-min.js</message>
</record>
<record>
  <date>2025-07-01T07:31:44.093290200Z</date>
  <millis>1751355104093</millis>
  <nanos>290200</nanos>
  <sequence>188</sequence>
  <logger>itri.sstc.framework.core.httpd.file.FileRequestHandleTask</logger>
  <level>INFO</level>
  <class>itri.sstc.framework.core.httpd.file.FileRequestHandleTask</class>
  <method>run</method>
  <thread>161</thread>
  <message>Thread[161] GET /html/script/security/utils.js</message>
</record>
<record>
  <date>2025-07-01T07:31:44.100107800Z</date>
  <millis>1751355104100</millis>
  <nanos>107800</nanos>
  <sequence>189</sequence>
  <logger>itri.sstc.framework.core.httpd.file.FileRequestHandleTask</logger>
  <level>INFO</level>
  <class>itri.sstc.framework.core.httpd.file.FileRequestHandleTask</class>
  <method>run</method>
  <thread>162</thread>
  <message>Thread[162] GET /html/script/imas/sweetalert.min.js</message>
</record>
<record>
  <date>2025-07-01T07:31:44.107043900Z</date>
  <millis>1751355104107</millis>
  <nanos>43900</nanos>
  <sequence>190</sequence>
  <logger>itri.sstc.framework.core.api.RESTfulAPI</logger>
  <level>INFO</level>
  <class>itri.sstc.framework.core.api.RESTfulAPI</class>
  <method>log</method>
  <thread>163</thread>
  <message>"/security/api/" Call API captcha</message>
</record>
<record>
  <date>2025-07-01T07:31:44.108019400Z</date>
  <millis>1751355104108</millis>
  <nanos>19400</nanos>
  <sequence>191</sequence>
  <logger>itri.sstc.framework.core.httpd.file.FileRequestHandleTask</logger>
  <level>INFO</level>
  <class>itri.sstc.framework.core.httpd.file.FileRequestHandleTask</class>
  <method>run</method>
  <thread>164</thread>
  <message>Thread[164] GET /html/plug-in/Validform/css/style.css</message>
</record>
<record>
  <date>2025-07-01T07:31:44.118720300Z</date>
  <millis>1751355104118</millis>
  <nanos>720300</nanos>
  <sequence>192</sequence>
  <logger>itri.sstc.framework.core.httpd.file.FileRequestHandleTask</logger>
  <level>INFO</level>
  <class>itri.sstc.framework.core.httpd.file.FileRequestHandleTask</class>
  <method>run</method>
  <thread>165</thread>
  <message>Thread[165] GET /html/plug-in/Validform/css/tablefrom.css</message>
</record>
<record>
  <date>2025-07-01T07:31:44.186264800Z</date>
  <millis>1751355104186</millis>
  <nanos>264800</nanos>
  <sequence>193</sequence>
  <logger>itri.sstc.framework.core.httpd.file.FileRequestHandleTask</logger>
  <level>INFO</level>
  <class>itri.sstc.framework.core.httpd.file.FileRequestHandleTask</class>
  <method>run</method>
  <thread>166</thread>
  <message>Thread[166] GET /html/images/imas/itri_logo.png</message>
</record>
<record>
  <date>2025-07-01T07:31:44.187575Z</date>
  <millis>1751355104187</millis>
  <nanos>575000</nanos>
  <sequence>194</sequence>
  <logger>itri.sstc.framework.core.httpd.file.FileRequestHandleTask</logger>
  <level>INFO</level>
  <class>itri.sstc.framework.core.httpd.file.FileRequestHandleTask</class>
  <method>run</method>
  <thread>167</thread>
  <message>Thread[167] GET /html/plug-in/Validform/js/Validform_v5.3.1_min_zh-tw.js</message>
</record>
<record>
  <date>2025-07-01T07:31:44.188547200Z</date>
  <millis>1751355104188</millis>
  <nanos>547200</nanos>
  <sequence>195</sequence>
  <logger>itri.sstc.framework.core.httpd.file.FileRequestHandleTask</logger>
  <level>INFO</level>
  <class>itri.sstc.framework.core.httpd.file.FileRequestHandleTask</class>
  <method>run</method>
  <thread>168</thread>
  <message>Thread[168] GET /html/plug-in/Validform/js/Validform_Datatype_zh-tw.js</message>
</record>
<record>
  <date>2025-07-01T07:31:44.196287Z</date>
  <millis>1751355104196</millis>
  <nanos>287000</nanos>
  <sequence>196</sequence>
  <logger>itri.sstc.framework.core.httpd.file.FileRequestHandleTask</logger>
  <level>INFO</level>
  <class>itri.sstc.framework.core.httpd.file.FileRequestHandleTask</class>
  <method>run</method>
  <thread>169</thread>
  <message>Thread[169] GET /html/AdminLTE/bootstrap/fonts/glyphicons-halflings-regular.woff2</message>
</record>
<record>
  <date>2025-07-01T07:31:44.196287Z</date>
  <millis>1751355104196</millis>
  <nanos>287000</nanos>
  <sequence>197</sequence>
  <logger>itri.sstc.framework.core.httpd.file.FileRequestHandleTask</logger>
  <level>INFO</level>
  <class>itri.sstc.framework.core.httpd.file.FileRequestHandleTask</class>
  <method>run</method>
  <thread>170</thread>
  <message>Thread[170] GET /html/style/fonts/fontawesome-webfont.woff2</message>
</record>
<record>
  <date>2025-07-01T07:31:44.212664600Z</date>
  <millis>1751355104212</millis>
  <nanos>664600</nanos>
  <sequence>198</sequence>
  <logger>itri.sstc.framework.core.httpd.file.FileRequestHandleTask</logger>
  <level>INFO</level>
  <class>itri.sstc.framework.core.httpd.file.FileRequestHandleTask</class>
  <method>run</method>
  <thread>171</thread>
  <message>Thread[171] GET /html/plug-in/Validform/js/datatype_zh-tw.js</message>
</record>
<record>
  <date>2025-07-01T07:31:44.219875500Z</date>
  <millis>1751355104219</millis>
  <nanos>875500</nanos>
  <sequence>199</sequence>
  <logger>itri.sstc.framework.core.httpd.file.FileRequestHandleTask</logger>
  <level>INFO</level>
  <class>itri.sstc.framework.core.httpd.file.FileRequestHandleTask</class>
  <method>run</method>
  <thread>172</thread>
  <message>Thread[172] GET /html/plug-in/Validform/plugin/passwordStrength/passwordStrength-min.js</message>
</record>
<record>
  <date>2025-07-01T07:31:44.224114200Z</date>
  <millis>1751355104224</millis>
  <nanos>114200</nanos>
  <sequence>200</sequence>
  <logger>itri.sstc.framework.core.httpd.file.FileRequestHandleTask</logger>
  <level>INFO</level>
  <class>itri.sstc.framework.core.httpd.file.FileRequestHandleTask</class>
  <method>run</method>
  <thread>173</thread>
  <message>Thread[173] GET /html/plug-in/My97DatePicker/WdatePicker.js</message>
</record>
<record>
  <date>2025-07-01T07:31:44.226457600Z</date>
  <millis>1751355104226</millis>
  <nanos>457600</nanos>
  <sequence>201</sequence>
  <logger>itri.sstc.framework.core.httpd.file.FileRequestHandleTask</logger>
  <level>INFO</level>
  <class>itri.sstc.framework.core.httpd.file.FileRequestHandleTask</class>
  <method>run</method>
  <thread>174</thread>
  <message>Thread[174] GET /html/plug-in/My97DatePicker/skin/WdatePicker.css</message>
</record>
<record>
  <date>2025-07-01T07:31:44.230457800Z</date>
  <millis>1751355104230</millis>
  <nanos>457800</nanos>
  <sequence>202</sequence>
  <logger>itri.sstc.framework.core.httpd.file.FileRequestHandleTask</logger>
  <level>INFO</level>
  <class>itri.sstc.framework.core.httpd.file.FileRequestHandleTask</class>
  <method>run</method>
  <thread>175</thread>
  <message>Thread[175] GET /html/script/fullcalendar/fullcalendar.print.css</message>
</record>
<record>
  <date>2025-07-01T08:40:54.662908800Z</date>
  <millis>1751359254662</millis>
  <nanos>908800</nanos>
  <sequence>203</sequence>
  <logger>itri.sstc.framework.core.httpd.session.HttpSessionManager</logger>
  <level>INFO</level>
  <class>itri.sstc.framework.core.httpd.session.HttpSessionManager</class>
  <method>createSession</method>
  <thread>48</thread>
  <message>Create session SESSION_88c5107c-f923-4b80-b826-e5562415eaa4 for /ftl/casetraining/caseDashboard</message>
</record>
<record>
  <date>2025-07-01T08:40:54.673651300Z</date>
  <millis>1751359254673</millis>
  <nanos>651300</nanos>
  <sequence>204</sequence>
  <logger>itri.sstc.framework.core.httpd.HttpService</logger>
  <level>INFO</level>
  <class>itri.sstc.framework.core.httpd.HttpService</class>
  <method>log</method>
  <thread>48</thread>
  <message>Create new Session: SESSION_88c5107c-f923-4b80-b826-e5562415eaa4</message>
</record>
<record>
  <date>2025-07-01T08:40:54.674624700Z</date>
  <millis>1751359254674</millis>
  <nanos>624700</nanos>
  <sequence>205</sequence>
  <logger>itri.sstc.freemarker.core.RequestHandler</logger>
  <level>INFO</level>
  <class>itri.sstc.freemarker.core.RequestHandler</class>
  <method>getTemplateData</method>
  <thread>48</thread>
  <message>[casetraining/caseDashboard]</message>
</record>
<record>
  <date>2025-07-01T08:40:54.674624700Z</date>
  <millis>1751359254674</millis>
  <nanos>624700</nanos>
  <sequence>206</sequence>
  <logger>itri.sstc.freemarker.core.RequestHandler</logger>
  <level>INFO</level>
  <class>itri.sstc.freemarker.core.RequestHandler</class>
  <method>getTemplateData</method>
  <thread>48</thread>
  <message>加入全域變數</message>
</record>
<record>
  <date>2025-07-01T08:40:54.677685800Z</date>
  <millis>1751359254677</millis>
  <nanos>685800</nanos>
  <sequence>207</sequence>
  <logger>itri.sstc.freemarker.core.RequestHandler</logger>
  <level>WARNING</level>
  <class>itri.sstc.freemarker.core.RequestHandler</class>
  <method>render</method>
  <thread>48</thread>
  <message>File not found: Template not found for URL: casetraining/caseDashboard</message>
</record>
<record>
  <date>2025-07-01T08:40:54.677685800Z</date>
  <millis>1751359254677</millis>
  <nanos>685800</nanos>
  <sequence>208</sequence>
  <logger>itri.sstc.framework.core.api.RESTfulAPI</logger>
  <level>SEVERE</level>
  <class>itri.sstc.freemarker.httpd.FreemarkerAPI</class>
  <method>handle</method>
  <thread>48</thread>
  <message>headers already sent</message>
</record>
<record>
  <date>2025-07-01T08:40:54.679959600Z</date>
  <millis>1751359254679</millis>
  <nanos>959600</nanos>
  <sequence>209</sequence>
  <logger>itri.sstc.freemarker.core.RequestHandler</logger>
  <level>INFO</level>
  <class>itri.sstc.freemarker.core.RequestHandler</class>
  <method>getTemplateData</method>
  <thread>48</thread>
  <message>[imas/login]</message>
</record>
<record>
  <date>2025-07-01T08:40:54.681104600Z</date>
  <millis>1751359254681</millis>
  <nanos>104600</nanos>
  <sequence>210</sequence>
  <logger>itri.sstc.freemarker.core.RequestHandler</logger>
  <level>INFO</level>
  <class>itri.sstc.freemarker.core.RequestHandler</class>
  <method>getTemplateData</method>
  <thread>48</thread>
  <message>加入全域變數</message>
</record>
<record>
  <date>2025-07-01T08:40:54.691012Z</date>
  <millis>1751359254691</millis>
  <nanos>12000</nanos>
  <sequence>211</sequence>
  <logger>itri.sstc.freemarker.core.RequestHandler</logger>
  <level>INFO</level>
  <class>itri.sstc.freemarker.core.RequestHandler</class>
  <method>render</method>
  <thread>48</thread>
  <message>FTL Process time: 12ms</message>
</record>
<record>
  <date>2025-07-01T08:40:54.718059300Z</date>
  <millis>1751359254718</millis>
  <nanos>59300</nanos>
  <sequence>212</sequence>
  <logger>itri.sstc.framework.core.httpd.file.FileRequestHandleTask</logger>
  <level>INFO</level>
  <class>itri.sstc.framework.core.httpd.file.FileRequestHandleTask</class>
  <method>run</method>
  <thread>176</thread>
  <message>Thread[176] GET /html/AdminLTE/plugins/jQuery/jQuery-2.2.0.min.js</message>
</record>
<record>
  <date>2025-07-01T08:40:54.723192200Z</date>
  <millis>1751359254723</millis>
  <nanos>192200</nanos>
  <sequence>214</sequence>
  <logger>itri.sstc.framework.core.httpd.file.FileRequestHandleTask</logger>
  <level>INFO</level>
  <class>itri.sstc.framework.core.httpd.file.FileRequestHandleTask</class>
  <method>run</method>
  <thread>178</thread>
  <message>Thread[178] GET /html/style/ionicons/ionicons.min.css</message>
</record>
<record>
  <date>2025-07-01T08:40:54.723192200Z</date>
  <millis>1751359254723</millis>
  <nanos>192200</nanos>
  <sequence>213</sequence>
  <logger>itri.sstc.framework.core.httpd.file.FileRequestHandleTask</logger>
  <level>INFO</level>
  <class>itri.sstc.framework.core.httpd.file.FileRequestHandleTask</class>
  <method>run</method>
  <thread>177</thread>
  <message>Thread[177] GET /html/style/font-awesome-4.3.0/font-awesome.min.css</message>
</record>
<record>
  <date>2025-07-01T08:40:54.725139500Z</date>
  <millis>1751359254725</millis>
  <nanos>139500</nanos>
  <sequence>215</sequence>
  <logger>itri.sstc.framework.core.httpd.file.FileRequestHandleTask</logger>
  <level>INFO</level>
  <class>itri.sstc.framework.core.httpd.file.FileRequestHandleTask</class>
  <method>run</method>
  <thread>180</thread>
  <message>Thread[180] GET /html/AdminLTE/dist/css/skins/_all-skins.min.css</message>
</record>
<record>
  <date>2025-07-01T08:40:54.733899200Z</date>
  <millis>1751359254733</millis>
  <nanos>899200</nanos>
  <sequence>217</sequence>
  <logger>itri.sstc.framework.core.httpd.file.FileRequestHandleTask</logger>
  <level>INFO</level>
  <class>itri.sstc.framework.core.httpd.file.FileRequestHandleTask</class>
  <method>run</method>
  <thread>181</thread>
  <message>Thread[181] GET /html/AdminLTE/plugins/iCheck/all.css</message>
</record>
<record>
  <date>2025-07-01T08:40:54.730006200Z</date>
  <millis>1751359254730</millis>
  <nanos>6200</nanos>
  <sequence>216</sequence>
  <logger>itri.sstc.framework.core.httpd.file.FileRequestHandleTask</logger>
  <level>INFO</level>
  <class>itri.sstc.framework.core.httpd.file.FileRequestHandleTask</class>
  <method>run</method>
  <thread>179</thread>
  <message>Thread[179] GET /html/AdminLTE/dist/css/AdminLTE.css</message>
</record>
<record>
  <date>2025-07-01T08:40:54.740712700Z</date>
  <millis>1751359254740</millis>
  <nanos>712700</nanos>
  <sequence>218</sequence>
  <logger>itri.sstc.framework.core.httpd.file.FileRequestHandleTask</logger>
  <level>INFO</level>
  <class>itri.sstc.framework.core.httpd.file.FileRequestHandleTask</class>
  <method>run</method>
  <thread>182</thread>
  <message>Thread[182] GET /html/AdminLTE/plugins/morris/morris.css</message>
</record>
<record>
  <date>2025-07-01T08:40:54.749760800Z</date>
  <millis>1751359254749</millis>
  <nanos>760800</nanos>
  <sequence>219</sequence>
  <logger>itri.sstc.framework.core.httpd.file.FileRequestHandleTask</logger>
  <level>INFO</level>
  <class>itri.sstc.framework.core.httpd.file.FileRequestHandleTask</class>
  <method>run</method>
  <thread>183</thread>
  <message>Thread[183] GET /html/AdminLTE/plugins/jvectormap/jquery-jvectormap-1.2.2.css</message>
</record>
<record>
  <date>2025-07-01T08:40:54.750899100Z</date>
  <millis>1751359254750</millis>
  <nanos>899100</nanos>
  <sequence>220</sequence>
  <logger>itri.sstc.framework.core.httpd.file.FileRequestHandleTask</logger>
  <level>INFO</level>
  <class>itri.sstc.framework.core.httpd.file.FileRequestHandleTask</class>
  <method>run</method>
  <thread>184</thread>
  <message>Thread[184] GET /html/AdminLTE/plugins/daterangepicker/daterangepicker-bs3.css</message>
</record>
<record>
  <date>2025-07-01T08:40:54.751878100Z</date>
  <millis>1751359254751</millis>
  <nanos>878100</nanos>
  <sequence>221</sequence>
  <logger>itri.sstc.framework.core.httpd.file.FileRequestHandleTask</logger>
  <level>INFO</level>
  <class>itri.sstc.framework.core.httpd.file.FileRequestHandleTask</class>
  <method>run</method>
  <thread>185</thread>
  <message>Thread[185] GET /html/AdminLTE/plugins/bootstrap-wysihtml5/bootstrap3-wysihtml5.min.css</message>
</record>
<record>
  <date>2025-07-01T08:40:54.751878100Z</date>
  <millis>1751359254751</millis>
  <nanos>878100</nanos>
  <sequence>222</sequence>
  <logger>itri.sstc.framework.core.httpd.file.FileRequestHandleTask</logger>
  <level>INFO</level>
  <class>itri.sstc.framework.core.httpd.file.FileRequestHandleTask</class>
  <method>run</method>
  <thread>186</thread>
  <message>Thread[186] GET /html/AdminLTE/plugins/iCheck/square/blue.css</message>
</record>
<record>
  <date>2025-07-01T08:40:54.754274700Z</date>
  <millis>1751359254754</millis>
  <nanos>274700</nanos>
  <sequence>223</sequence>
  <logger>itri.sstc.framework.core.httpd.file.FileRequestHandleTask</logger>
  <level>INFO</level>
  <class>itri.sstc.framework.core.httpd.file.FileRequestHandleTask</class>
  <method>run</method>
  <thread>187</thread>
  <message>Thread[187] GET /html/AdminLTE/plugins/jQueryUI/jquery-ui-1.11.4.css</message>
</record>
<record>
  <date>2025-07-01T08:40:54.757194600Z</date>
  <millis>1751359254757</millis>
  <nanos>194600</nanos>
  <sequence>224</sequence>
  <logger>itri.sstc.framework.core.httpd.file.FileRequestHandleTask</logger>
  <level>INFO</level>
  <class>itri.sstc.framework.core.httpd.file.FileRequestHandleTask</class>
  <method>run</method>
  <thread>188</thread>
  <message>Thread[188] GET /html/script/timepicker/jquery-ui-timepicker-addon.min.css</message>
</record>
<record>
  <date>2025-07-01T08:40:54.760114600Z</date>
  <millis>1751359254760</millis>
  <nanos>114600</nanos>
  <sequence>225</sequence>
  <logger>itri.sstc.framework.core.httpd.file.FileRequestHandleTask</logger>
  <level>INFO</level>
  <class>itri.sstc.framework.core.httpd.file.FileRequestHandleTask</class>
  <method>run</method>
  <thread>189</thread>
  <message>Thread[189] GET /html/script/jquery-multiselect/jquery.multiselect.css</message>
</record>
<record>
  <date>2025-07-01T08:40:54.764981500Z</date>
  <millis>1751359254764</millis>
  <nanos>981500</nanos>
  <sequence>226</sequence>
  <logger>itri.sstc.framework.core.httpd.file.FileRequestHandleTask</logger>
  <level>INFO</level>
  <class>itri.sstc.framework.core.httpd.file.FileRequestHandleTask</class>
  <method>run</method>
  <thread>190</thread>
  <message>Thread[190] GET /html/script/jquery-multiselect/jquery.multiselect.filter.css</message>
</record>
<record>
  <date>2025-07-01T08:40:54.769848800Z</date>
  <millis>1751359254769</millis>
  <nanos>848800</nanos>
  <sequence>228</sequence>
  <logger>itri.sstc.framework.core.httpd.file.FileRequestHandleTask</logger>
  <level>INFO</level>
  <class>itri.sstc.framework.core.httpd.file.FileRequestHandleTask</class>
  <method>run</method>
  <thread>191</thread>
  <message>Thread[191] GET /html/AdminLTE/bootstrap/css/bootstrap.min.css</message>
</record>
<record>
  <date>2025-07-01T08:40:54.769848800Z</date>
  <millis>1751359254769</millis>
  <nanos>848800</nanos>
  <sequence>230</sequence>
  <logger>itri.sstc.framework.core.httpd.file.FileRequestHandleTask</logger>
  <level>INFO</level>
  <class>itri.sstc.framework.core.httpd.file.FileRequestHandleTask</class>
  <method>run</method>
  <thread>194</thread>
  <message>Thread[194] GET /html/script/jquery-file-upload/jquery.fileupload.css</message>
</record>
<record>
  <date>2025-07-01T08:40:54.769848800Z</date>
  <millis>1751359254769</millis>
  <nanos>848800</nanos>
  <sequence>229</sequence>
  <logger>itri.sstc.framework.core.httpd.file.FileRequestHandleTask</logger>
  <level>INFO</level>
  <class>itri.sstc.framework.core.httpd.file.FileRequestHandleTask</class>
  <method>run</method>
  <thread>193</thread>
  <message>Thread[193] GET /html/AdminLTE/plugins/colorpicker/bootstrap-colorpicker.min.css</message>
</record>
<record>
  <date>2025-07-01T08:40:54.769848800Z</date>
  <millis>1751359254769</millis>
  <nanos>848800</nanos>
  <sequence>227</sequence>
  <logger>itri.sstc.framework.core.httpd.file.FileRequestHandleTask</logger>
  <level>INFO</level>
  <class>itri.sstc.framework.core.httpd.file.FileRequestHandleTask</class>
  <method>run</method>
  <thread>192</thread>
  <message>Thread[192] GET /html/script/fullcalendar/fullcalendar.css</message>
</record>
<record>
  <date>2025-07-01T08:40:54.780555700Z</date>
  <millis>1751359254780</millis>
  <nanos>555700</nanos>
  <sequence>231</sequence>
  <logger>itri.sstc.framework.core.httpd.file.FileRequestHandleTask</logger>
  <level>INFO</level>
  <class>itri.sstc.framework.core.httpd.file.FileRequestHandleTask</class>
  <method>run</method>
  <thread>195</thread>
  <message>Thread[195] GET /html/AdminLTE/plugins/datatables/jquery.dataTables.css</message>
</record>
<record>
  <date>2025-07-01T08:40:54.786395500Z</date>
  <millis>1751359254786</millis>
  <nanos>395500</nanos>
  <sequence>232</sequence>
  <logger>itri.sstc.framework.core.httpd.file.FileRequestHandleTask</logger>
  <level>INFO</level>
  <class>itri.sstc.framework.core.httpd.file.FileRequestHandleTask</class>
  <method>run</method>
  <thread>196</thread>
  <message>Thread[196] GET /html/style/showcase.css</message>
</record>
<record>
  <date>2025-07-01T08:40:54.787369100Z</date>
  <millis>1751359254787</millis>
  <nanos>369100</nanos>
  <sequence>233</sequence>
  <logger>itri.sstc.framework.core.httpd.file.FileRequestHandleTask</logger>
  <level>INFO</level>
  <class>itri.sstc.framework.core.httpd.file.FileRequestHandleTask</class>
  <method>run</method>
  <thread>197</thread>
  <message>Thread[197] GET /html/style/style.css</message>
</record>
<record>
  <date>2025-07-01T08:40:54.793212400Z</date>
  <millis>1751359254793</millis>
  <nanos>212400</nanos>
  <sequence>234</sequence>
  <logger>itri.sstc.framework.core.httpd.file.FileRequestHandleTask</logger>
  <level>INFO</level>
  <class>itri.sstc.framework.core.httpd.file.FileRequestHandleTask</class>
  <method>run</method>
  <thread>199</thread>
  <message>Thread[199] GET /html/script/jquery-loadmask/loadmask.css</message>
</record>
<record>
  <date>2025-07-01T08:40:54.814668700Z</date>
  <millis>1751359254814</millis>
  <nanos>668700</nanos>
  <sequence>235</sequence>
  <logger>itri.sstc.framework.core.httpd.file.FileRequestHandleTask</logger>
  <level>INFO</level>
  <class>itri.sstc.framework.core.httpd.file.FileRequestHandleTask</class>
  <method>run</method>
  <thread>198</thread>
  <message>Thread[198] GET /html/style/imas/user/justify.css</message>
</record>
<record>
  <date>2025-07-01T08:40:54.832187600Z</date>
  <millis>1751359254832</millis>
  <nanos>187600</nanos>
  <sequence>236</sequence>
  <logger>itri.sstc.framework.core.httpd.file.FileRequestHandleTask</logger>
  <level>INFO</level>
  <class>itri.sstc.framework.core.httpd.file.FileRequestHandleTask</class>
  <method>run</method>
  <thread>200</thread>
  <message>Thread[200] GET /html/script/jquery-growl/jquery.growl.css</message>
</record>
<record>
  <date>2025-07-01T08:40:54.832187600Z</date>
  <millis>1751359254832</millis>
  <nanos>187600</nanos>
  <sequence>239</sequence>
  <logger>itri.sstc.framework.core.httpd.file.FileRequestHandleTask</logger>
  <level>INFO</level>
  <class>itri.sstc.framework.core.httpd.file.FileRequestHandleTask</class>
  <method>run</method>
  <thread>203</thread>
  <message>Thread[203] GET /html/script/jquery.ganttView-master/jquery.ganttView.css</message>
</record>
<record>
  <date>2025-07-01T08:40:54.832187600Z</date>
  <millis>1751359254832</millis>
  <nanos>187600</nanos>
  <sequence>238</sequence>
  <logger>itri.sstc.framework.core.httpd.file.FileRequestHandleTask</logger>
  <level>INFO</level>
  <class>itri.sstc.framework.core.httpd.file.FileRequestHandleTask</class>
  <method>run</method>
  <thread>202</thread>
  <message>Thread[202] GET /html/style/employee.css</message>
</record>
<record>
  <date>2025-07-01T08:40:54.832187600Z</date>
  <millis>1751359254832</millis>
  <nanos>187600</nanos>
  <sequence>237</sequence>
  <logger>itri.sstc.framework.core.httpd.file.FileRequestHandleTask</logger>
  <level>INFO</level>
  <class>itri.sstc.framework.core.httpd.file.FileRequestHandleTask</class>
  <method>run</method>
  <thread>201</thread>
  <message>Thread[201] GET /html/script/jquery-timepicker/jquery.timepicker.css</message>
</record>
<record>
  <date>2025-07-01T08:40:54.832187600Z</date>
  <millis>1751359254832</millis>
  <nanos>187600</nanos>
  <sequence>240</sequence>
  <logger>itri.sstc.framework.core.httpd.file.FileRequestHandleTask</logger>
  <level>INFO</level>
  <class>itri.sstc.framework.core.httpd.file.FileRequestHandleTask</class>
  <method>run</method>
  <thread>204</thread>
  <message>Thread[204] GET /html/script/jquery-qtip/jquery.qtip.min.css</message>
</record>
<record>
  <date>2025-07-01T08:40:54.836382Z</date>
  <millis>1751359254836</millis>
  <nanos>382000</nanos>
  <sequence>241</sequence>
  <logger>itri.sstc.framework.core.httpd.file.FileRequestHandleTask</logger>
  <level>INFO</level>
  <class>itri.sstc.framework.core.httpd.file.FileRequestHandleTask</class>
  <method>run</method>
  <thread>205</thread>
  <message>Thread[205] GET /html/style/imas/widget/sweetalert.css</message>
</record>
<record>
  <date>2025-07-01T08:40:54.841249Z</date>
  <millis>1751359254841</millis>
  <nanos>249000</nanos>
  <sequence>242</sequence>
  <logger>itri.sstc.framework.core.httpd.file.FileRequestHandleTask</logger>
  <level>INFO</level>
  <class>itri.sstc.framework.core.httpd.file.FileRequestHandleTask</class>
  <method>run</method>
  <thread>206</thread>
  <message>Thread[206] GET /html/AdminLTE/plugins/iCheck/minimal/_all.css</message>
</record>
<record>
  <date>2025-07-01T08:40:54.849035100Z</date>
  <millis>1751359254849</millis>
  <nanos>35100</nanos>
  <sequence>243</sequence>
  <logger>itri.sstc.framework.core.httpd.file.FileRequestHandleTask</logger>
  <level>INFO</level>
  <class>itri.sstc.framework.core.httpd.file.FileRequestHandleTask</class>
  <method>run</method>
  <thread>207</thread>
  <message>Thread[207] GET /html/AdminLTE/plugins/iCheck/square/_all.css</message>
</record>
<record>
  <date>2025-07-01T08:40:54.849035100Z</date>
  <millis>1751359254849</millis>
  <nanos>35100</nanos>
  <sequence>244</sequence>
  <logger>itri.sstc.framework.core.httpd.file.FileRequestHandleTask</logger>
  <level>INFO</level>
  <class>itri.sstc.framework.core.httpd.file.FileRequestHandleTask</class>
  <method>run</method>
  <thread>208</thread>
  <message>Thread[208] GET /html/AdminLTE/plugins/iCheck/flat/_all.css</message>
</record>
<record>
  <date>2025-07-01T08:40:54.850982Z</date>
  <millis>1751359254850</millis>
  <nanos>982000</nanos>
  <sequence>245</sequence>
  <logger>itri.sstc.framework.core.httpd.file.FileRequestHandleTask</logger>
  <level>INFO</level>
  <class>itri.sstc.framework.core.httpd.file.FileRequestHandleTask</class>
  <method>run</method>
  <thread>210</thread>
  <message>Thread[210] GET /html/AdminLTE/plugins/iCheck/polaris/polaris.css</message>
</record>
<record>
  <date>2025-07-01T08:40:54.850982Z</date>
  <millis>1751359254850</millis>
  <nanos>982000</nanos>
  <sequence>246</sequence>
  <logger>itri.sstc.framework.core.httpd.file.FileRequestHandleTask</logger>
  <level>INFO</level>
  <class>itri.sstc.framework.core.httpd.file.FileRequestHandleTask</class>
  <method>run</method>
  <thread>209</thread>
  <message>Thread[209] GET /html/AdminLTE/plugins/iCheck/line/_all.css</message>
</record>
<record>
  <date>2025-07-01T08:40:54.860716100Z</date>
  <millis>1751359254860</millis>
  <nanos>716100</nanos>
  <sequence>247</sequence>
  <logger>itri.sstc.framework.core.httpd.file.FileRequestHandleTask</logger>
  <level>INFO</level>
  <class>itri.sstc.framework.core.httpd.file.FileRequestHandleTask</class>
  <method>run</method>
  <thread>211</thread>
  <message>Thread[211] GET /html/AdminLTE/plugins/iCheck/futurico/futurico.css</message>
</record>
<record>
  <date>2025-07-01T08:40:54.867529800Z</date>
  <millis>1751359254867</millis>
  <nanos>529800</nanos>
  <sequence>248</sequence>
  <logger>itri.sstc.framework.core.httpd.file.FileRequestHandleTask</logger>
  <level>INFO</level>
  <class>itri.sstc.framework.core.httpd.file.FileRequestHandleTask</class>
  <method>run</method>
  <thread>212</thread>
  <message>Thread[212] GET /html/script/timepicker/jquery.ui.datepicker-zh-TW.js</message>
</record>
<record>
  <date>2025-07-01T08:40:54.871421900Z</date>
  <millis>1751359254871</millis>
  <nanos>421900</nanos>
  <sequence>249</sequence>
  <logger>itri.sstc.framework.core.httpd.file.FileRequestHandleTask</logger>
  <level>INFO</level>
  <class>itri.sstc.framework.core.httpd.file.FileRequestHandleTask</class>
  <method>run</method>
  <thread>213</thread>
  <message>Thread[213] GET /html/AdminLTE/plugins/jQueryUI/jquery-ui.js</message>
</record>
<record>
  <date>2025-07-01T08:40:54.872395600Z</date>
  <millis>1751359254872</millis>
  <nanos>395600</nanos>
  <sequence>250</sequence>
  <logger>itri.sstc.framework.core.httpd.file.FileRequestHandleTask</logger>
  <level>INFO</level>
  <class>itri.sstc.framework.core.httpd.file.FileRequestHandleTask</class>
  <method>run</method>
  <thread>214</thread>
  <message>Thread[214] GET /html/script/timepicker/jquery-ui-timepicker-addon.min.js</message>
</record>
<record>
  <date>2025-07-01T08:40:54.874342200Z</date>
  <millis>1751359254874</millis>
  <nanos>342200</nanos>
  <sequence>251</sequence>
  <logger>itri.sstc.framework.core.httpd.file.FileRequestHandleTask</logger>
  <level>INFO</level>
  <class>itri.sstc.framework.core.httpd.file.FileRequestHandleTask</class>
  <method>run</method>
  <thread>215</thread>
  <message>Thread[215] GET /html/script/timepicker/jquery-ui-sliderAccess.js</message>
</record>
<record>
  <date>2025-07-01T08:40:54.874342200Z</date>
  <millis>1751359254874</millis>
  <nanos>342200</nanos>
  <sequence>252</sequence>
  <logger>itri.sstc.framework.core.httpd.file.FileRequestHandleTask</logger>
  <level>INFO</level>
  <class>itri.sstc.framework.core.httpd.file.FileRequestHandleTask</class>
  <method>run</method>
  <thread>216</thread>
  <message>Thread[216] GET /html/script/timepicker/jquery-ui-timepicker-zh-TW.js</message>
</record>
<record>
  <date>2025-07-01T08:40:54.875316400Z</date>
  <millis>1751359254875</millis>
  <nanos>316400</nanos>
  <sequence>253</sequence>
  <logger>itri.sstc.framework.core.httpd.file.FileRequestHandleTask</logger>
  <level>INFO</level>
  <class>itri.sstc.framework.core.httpd.file.FileRequestHandleTask</class>
  <method>run</method>
  <thread>217</thread>
  <message>Thread[217] GET /html/script/jquery-multiselect/src/jquery.multiselect.min.js</message>
</record>
<record>
  <date>2025-07-01T08:40:54.890893400Z</date>
  <millis>1751359254890</millis>
  <nanos>893400</nanos>
  <sequence>254</sequence>
  <logger>itri.sstc.framework.core.httpd.file.FileRequestHandleTask</logger>
  <level>INFO</level>
  <class>itri.sstc.framework.core.httpd.file.FileRequestHandleTask</class>
  <method>run</method>
  <thread>219</thread>
  <message>Thread[219] GET /html/AdminLTE/bootstrap/js/bootstrap.min.js</message>
</record>
<record>
  <date>2025-07-01T08:40:54.890893400Z</date>
  <millis>1751359254890</millis>
  <nanos>893400</nanos>
  <sequence>255</sequence>
  <logger>itri.sstc.framework.core.httpd.file.FileRequestHandleTask</logger>
  <level>INFO</level>
  <class>itri.sstc.framework.core.httpd.file.FileRequestHandleTask</class>
  <method>run</method>
  <thread>220</thread>
  <message>Thread[220] GET /html/AdminLTE/plugins/morris/morris.min.js</message>
</record>
<record>
  <date>2025-07-01T08:40:54.890893400Z</date>
  <millis>1751359254890</millis>
  <nanos>893400</nanos>
  <sequence>256</sequence>
  <logger>itri.sstc.framework.core.httpd.file.FileRequestHandleTask</logger>
  <level>INFO</level>
  <class>itri.sstc.framework.core.httpd.file.FileRequestHandleTask</class>
  <method>run</method>
  <thread>221</thread>
  <message>Thread[221] GET /html/AdminLTE/plugins/Chart.js</message>
</record>
<record>
  <date>2025-07-01T08:40:54.892839500Z</date>
  <millis>1751359254892</millis>
  <nanos>839500</nanos>
  <sequence>257</sequence>
  <logger>itri.sstc.framework.core.httpd.file.FileRequestHandleTask</logger>
  <level>INFO</level>
  <class>itri.sstc.framework.core.httpd.file.FileRequestHandleTask</class>
  <method>run</method>
  <thread>218</thread>
  <message>Thread[218] GET /html/script/jquery-multiselect/src/jquery.multiselect.filter.js</message>
</record>
<record>
  <date>2025-07-01T08:40:54.909921500Z</date>
  <millis>1751359254909</millis>
  <nanos>921500</nanos>
  <sequence>258</sequence>
  <logger>itri.sstc.framework.core.httpd.file.FileRequestHandleTask</logger>
  <level>INFO</level>
  <class>itri.sstc.framework.core.httpd.file.FileRequestHandleTask</class>
  <method>run</method>
  <thread>222</thread>
  <message>Thread[222] GET /html/AdminLTE/plugins/sparkline/jquery.sparkline.min.js</message>
</record>
<record>
  <date>2025-07-01T08:40:54.914787900Z</date>
  <millis>1751359254914</millis>
  <nanos>787900</nanos>
  <sequence>259</sequence>
  <logger>itri.sstc.framework.core.httpd.file.FileRequestHandleTask</logger>
  <level>INFO</level>
  <class>itri.sstc.framework.core.httpd.file.FileRequestHandleTask</class>
  <method>run</method>
  <thread>223</thread>
  <message>Thread[223] GET /html/AdminLTE/plugins/jvectormap/jquery-jvectormap-1.2.2.min.js</message>
</record>
<record>
  <date>2025-07-01T08:40:54.917710200Z</date>
  <millis>1751359254917</millis>
  <nanos>710200</nanos>
  <sequence>260</sequence>
  <logger>itri.sstc.framework.core.httpd.file.FileRequestHandleTask</logger>
  <level>INFO</level>
  <class>itri.sstc.framework.core.httpd.file.FileRequestHandleTask</class>
  <method>run</method>
  <thread>224</thread>
  <message>Thread[224] GET /html/AdminLTE/plugins/jvectormap/jquery-jvectormap-world-mill-en.js</message>
</record>
<record>
  <date>2025-07-01T08:40:54.917710200Z</date>
  <millis>1751359254917</millis>
  <nanos>710200</nanos>
  <sequence>261</sequence>
  <logger>itri.sstc.framework.core.httpd.file.FileRequestHandleTask</logger>
  <level>INFO</level>
  <class>itri.sstc.framework.core.httpd.file.FileRequestHandleTask</class>
  <method>run</method>
  <thread>225</thread>
  <message>Thread[225] GET /html/AdminLTE/plugins/knob/jquery.knob.js</message>
</record>
<record>
  <date>2025-07-01T08:40:54.941067700Z</date>
  <millis>1751359254941</millis>
  <nanos>67700</nanos>
  <sequence>262</sequence>
  <logger>itri.sstc.framework.core.httpd.file.FileRequestHandleTask</logger>
  <level>INFO</level>
  <class>itri.sstc.framework.core.httpd.file.FileRequestHandleTask</class>
  <method>run</method>
  <thread>226</thread>
  <message>Thread[226] GET /html/script/moment/moment.min.js</message>
</record>
<record>
  <date>2025-07-01T08:40:54.949828400Z</date>
  <millis>1751359254949</millis>
  <nanos>828400</nanos>
  <sequence>263</sequence>
  <logger>itri.sstc.framework.core.httpd.file.FileRequestHandleTask</logger>
  <level>INFO</level>
  <class>itri.sstc.framework.core.httpd.file.FileRequestHandleTask</class>
  <method>run</method>
  <thread>227</thread>
  <message>Thread[227] GET /html/AdminLTE/plugins/daterangepicker/daterangepicker.js</message>
</record>
<record>
  <date>2025-07-01T08:40:54.954694800Z</date>
  <millis>1751359254954</millis>
  <nanos>694800</nanos>
  <sequence>264</sequence>
  <logger>itri.sstc.framework.core.httpd.file.FileRequestHandleTask</logger>
  <level>INFO</level>
  <class>itri.sstc.framework.core.httpd.file.FileRequestHandleTask</class>
  <method>run</method>
  <thread>228</thread>
  <message>Thread[228] GET /html/AdminLTE/plugins/bootstrap-wysihtml5/bootstrap3-wysihtml5.all.min.js</message>
</record>
<record>
  <date>2025-07-01T08:40:54.964649500Z</date>
  <millis>1751359254964</millis>
  <nanos>649500</nanos>
  <sequence>265</sequence>
  <logger>itri.sstc.framework.core.httpd.file.FileRequestHandleTask</logger>
  <level>INFO</level>
  <class>itri.sstc.framework.core.httpd.file.FileRequestHandleTask</class>
  <method>run</method>
  <thread>229</thread>
  <message>Thread[229] GET /html/AdminLTE/plugins/slimScroll/jquery.slimscroll.min.js</message>
</record>
<record>
  <date>2025-07-01T08:40:54.977488700Z</date>
  <millis>1751359254977</millis>
  <nanos>488700</nanos>
  <sequence>266</sequence>
  <logger>itri.sstc.framework.core.httpd.file.FileRequestHandleTask</logger>
  <level>INFO</level>
  <class>itri.sstc.framework.core.httpd.file.FileRequestHandleTask</class>
  <method>run</method>
  <thread>230</thread>
  <message>Thread[230] GET /html/AdminLTE/plugins/iCheck/icheck.min.js</message>
</record>
<record>
  <date>2025-07-01T08:40:54.979435200Z</date>
  <millis>1751359254979</millis>
  <nanos>435200</nanos>
  <sequence>267</sequence>
  <logger>itri.sstc.framework.core.httpd.file.FileRequestHandleTask</logger>
  <level>INFO</level>
  <class>itri.sstc.framework.core.httpd.file.FileRequestHandleTask</class>
  <method>run</method>
  <thread>231</thread>
  <message>Thread[231] GET /html/AdminLTE/plugins/input-mask/jquery.inputmask.js</message>
</record>
<record>
  <date>2025-07-01T08:40:54.981380900Z</date>
  <millis>1751359254981</millis>
  <nanos>380900</nanos>
  <sequence>268</sequence>
  <logger>itri.sstc.framework.core.httpd.file.FileRequestHandleTask</logger>
  <level>INFO</level>
  <class>itri.sstc.framework.core.httpd.file.FileRequestHandleTask</class>
  <method>run</method>
  <thread>232</thread>
  <message>Thread[232] GET /html/AdminLTE/plugins/input-mask/jquery.inputmask.date.extensions.js</message>
</record>
<record>
  <date>2025-07-01T08:40:54.990144Z</date>
  <millis>1751359254990</millis>
  <nanos>144000</nanos>
  <sequence>269</sequence>
  <logger>itri.sstc.framework.core.httpd.file.FileRequestHandleTask</logger>
  <level>INFO</level>
  <class>itri.sstc.framework.core.httpd.file.FileRequestHandleTask</class>
  <method>run</method>
  <thread>233</thread>
  <message>Thread[233] GET /html/AdminLTE/plugins/input-mask/jquery.inputmask.extensions.js</message>
</record>
<record>
  <date>2025-07-01T08:40:54.992091800Z</date>
  <millis>1751359254992</millis>
  <nanos>91800</nanos>
  <sequence>270</sequence>
  <logger>itri.sstc.framework.core.httpd.file.FileRequestHandleTask</logger>
  <level>INFO</level>
  <class>itri.sstc.framework.core.httpd.file.FileRequestHandleTask</class>
  <method>run</method>
  <thread>234</thread>
  <message>Thread[234] GET /html/script/fullcalendar/fullcalendar.js</message>
</record>
<record>
  <date>2025-07-01T08:40:54.997930300Z</date>
  <millis>1751359254997</millis>
  <nanos>930300</nanos>
  <sequence>271</sequence>
  <logger>itri.sstc.framework.core.httpd.file.FileRequestHandleTask</logger>
  <level>INFO</level>
  <class>itri.sstc.framework.core.httpd.file.FileRequestHandleTask</class>
  <method>run</method>
  <thread>235</thread>
  <message>Thread[235] GET /html/AdminLTE/plugins/colorpicker/bootstrap-colorpicker.min.js</message>
</record>
<record>
  <date>2025-07-01T08:40:55.012102200Z</date>
  <millis>1751359255012</millis>
  <nanos>102200</nanos>
  <sequence>272</sequence>
  <logger>itri.sstc.framework.core.httpd.file.FileRequestHandleTask</logger>
  <level>INFO</level>
  <class>itri.sstc.framework.core.httpd.file.FileRequestHandleTask</class>
  <method>run</method>
  <thread>236</thread>
  <message>Thread[236] GET /html/script/cityArea/cityArea.js</message>
</record>
<record>
  <date>2025-07-01T08:40:55.020859100Z</date>
  <millis>1751359255020</millis>
  <nanos>859100</nanos>
  <sequence>273</sequence>
  <logger>itri.sstc.framework.core.httpd.file.FileRequestHandleTask</logger>
  <level>INFO</level>
  <class>itri.sstc.framework.core.httpd.file.FileRequestHandleTask</class>
  <method>run</method>
  <thread>238</thread>
  <message>Thread[238] GET /html/script/jquery-file-upload/jquery.iframe-transport.js</message>
</record>
<record>
  <date>2025-07-01T08:40:55.021834700Z</date>
  <millis>1751359255021</millis>
  <nanos>834700</nanos>
  <sequence>274</sequence>
  <logger>itri.sstc.framework.core.httpd.file.FileRequestHandleTask</logger>
  <level>INFO</level>
  <class>itri.sstc.framework.core.httpd.file.FileRequestHandleTask</class>
  <method>run</method>
  <thread>239</thread>
  <message>Thread[239] GET /html/script/jquery-file-upload/jquery.fileupload.js</message>
</record>
<record>
  <date>2025-07-01T08:40:55.022806100Z</date>
  <millis>1751359255022</millis>
  <nanos>806100</nanos>
  <sequence>275</sequence>
  <logger>itri.sstc.framework.core.httpd.file.FileRequestHandleTask</logger>
  <level>INFO</level>
  <class>itri.sstc.framework.core.httpd.file.FileRequestHandleTask</class>
  <method>run</method>
  <thread>237</thread>
  <message>Thread[237] GET /html/script/ppm/cloud.js</message>
</record>
<record>
  <date>2025-07-01T08:40:55.043251200Z</date>
  <millis>1751359255043</millis>
  <nanos>251200</nanos>
  <sequence>276</sequence>
  <logger>itri.sstc.framework.core.httpd.file.FileRequestHandleTask</logger>
  <level>INFO</level>
  <class>itri.sstc.framework.core.httpd.file.FileRequestHandleTask</class>
  <method>run</method>
  <thread>241</thread>
  <message>Thread[241] GET /html/AdminLTE/dist/js/demo.js</message>
</record>
<record>
  <date>2025-07-01T08:40:55.048118600Z</date>
  <millis>1751359255048</millis>
  <nanos>118600</nanos>
  <sequence>277</sequence>
  <logger>itri.sstc.framework.core.httpd.file.FileRequestHandleTask</logger>
  <level>INFO</level>
  <class>itri.sstc.framework.core.httpd.file.FileRequestHandleTask</class>
  <method>run</method>
  <thread>240</thread>
  <message>Thread[240] GET /html/AdminLTE/dist/js/app.min.js</message>
</record>
<record>
  <date>2025-07-01T08:40:55.053026800Z</date>
  <millis>1751359255053</millis>
  <nanos>26800</nanos>
  <sequence>278</sequence>
  <logger>itri.sstc.framework.core.httpd.file.FileRequestHandleTask</logger>
  <level>INFO</level>
  <class>itri.sstc.framework.core.httpd.file.FileRequestHandleTask</class>
  <method>run</method>
  <thread>242</thread>
  <message>Thread[242] GET /html/script/mlog.form.js</message>
</record>
<record>
  <date>2025-07-01T08:40:55.064701400Z</date>
  <millis>1751359255064</millis>
  <nanos>701400</nanos>
  <sequence>279</sequence>
  <logger>itri.sstc.framework.core.httpd.file.FileRequestHandleTask</logger>
  <level>INFO</level>
  <class>itri.sstc.framework.core.httpd.file.FileRequestHandleTask</class>
  <method>run</method>
  <thread>244</thread>
  <message>Thread[244] GET /html/script/mlog.calendar.js</message>
</record>
<record>
  <date>2025-07-01T08:40:55.064701400Z</date>
  <millis>1751359255064</millis>
  <nanos>701400</nanos>
  <sequence>280</sequence>
  <logger>itri.sstc.framework.core.httpd.file.FileRequestHandleTask</logger>
  <level>INFO</level>
  <class>itri.sstc.framework.core.httpd.file.FileRequestHandleTask</class>
  <method>run</method>
  <thread>243</thread>
  <message>Thread[243] GET /html/script/mlog.dialog.js</message>
</record>
<record>
  <date>2025-07-01T08:40:55.065673900Z</date>
  <millis>1751359255065</millis>
  <nanos>673900</nanos>
  <sequence>281</sequence>
  <logger>itri.sstc.framework.core.httpd.file.FileRequestHandleTask</logger>
  <level>INFO</level>
  <class>itri.sstc.framework.core.httpd.file.FileRequestHandleTask</class>
  <method>run</method>
  <thread>245</thread>
  <message>Thread[245] GET /html/script/mlog.autocomplete.js</message>
</record>
<record>
  <date>2025-07-01T08:40:55.067620600Z</date>
  <millis>1751359255067</millis>
  <nanos>620600</nanos>
  <sequence>283</sequence>
  <logger>itri.sstc.framework.core.httpd.file.FileRequestHandleTask</logger>
  <level>INFO</level>
  <class>itri.sstc.framework.core.httpd.file.FileRequestHandleTask</class>
  <method>run</method>
  <thread>247</thread>
  <message>Thread[247] GET /html/script/mlog.chart.js</message>
</record>
<record>
  <date>2025-07-01T08:40:55.067620600Z</date>
  <millis>1751359255067</millis>
  <nanos>620600</nanos>
  <sequence>282</sequence>
  <logger>itri.sstc.framework.core.httpd.file.FileRequestHandleTask</logger>
  <level>INFO</level>
  <class>itri.sstc.framework.core.httpd.file.FileRequestHandleTask</class>
  <method>run</method>
  <thread>246</thread>
  <message>Thread[246] GET /html/script/mlog.datatable.js</message>
</record>
<record>
  <date>2025-07-01T08:40:55.074433500Z</date>
  <millis>1751359255074</millis>
  <nanos>433500</nanos>
  <sequence>284</sequence>
  <logger>itri.sstc.framework.core.httpd.file.FileRequestHandleTask</logger>
  <level>INFO</level>
  <class>itri.sstc.framework.core.httpd.file.FileRequestHandleTask</class>
  <method>run</method>
  <thread>248</thread>
  <message>Thread[248] GET /html/script/mlog.utils.js</message>
</record>
<record>
  <date>2025-07-01T08:40:55.079300300Z</date>
  <millis>1751359255079</millis>
  <nanos>300300</nanos>
  <sequence>285</sequence>
  <logger>itri.sstc.framework.core.httpd.file.FileRequestHandleTask</logger>
  <level>INFO</level>
  <class>itri.sstc.framework.core.httpd.file.FileRequestHandleTask</class>
  <method>run</method>
  <thread>251</thread>
  <message>Thread[251] GET /html/script/custom.js</message>
</record>
<record>
  <date>2025-07-01T08:40:55.079300300Z</date>
  <millis>1751359255079</millis>
  <nanos>300300</nanos>
  <sequence>286</sequence>
  <logger>itri.sstc.framework.core.httpd.file.FileRequestHandleTask</logger>
  <level>INFO</level>
  <class>itri.sstc.framework.core.httpd.file.FileRequestHandleTask</class>
  <method>run</method>
  <thread>249</thread>
  <message>Thread[249] GET /html/script/mlog.stat.js</message>
</record>
<record>
  <date>2025-07-01T08:40:55.080274900Z</date>
  <millis>1751359255080</millis>
  <nanos>274900</nanos>
  <sequence>287</sequence>
  <logger>itri.sstc.framework.core.httpd.file.FileRequestHandleTask</logger>
  <level>INFO</level>
  <class>itri.sstc.framework.core.httpd.file.FileRequestHandleTask</class>
  <method>run</method>
  <thread>250</thread>
  <message>Thread[250] GET /html/script/mlog.editor.js</message>
</record>
<record>
  <date>2025-07-01T08:40:55.092931600Z</date>
  <millis>1751359255092</millis>
  <nanos>931600</nanos>
  <sequence>288</sequence>
  <logger>itri.sstc.framework.core.httpd.file.FileRequestHandleTask</logger>
  <level>INFO</level>
  <class>itri.sstc.framework.core.httpd.file.FileRequestHandleTask</class>
  <method>run</method>
  <thread>252</thread>
  <message>Thread[252] GET /html/script/kindeditor/kindeditor.js</message>
</record>
<record>
  <date>2025-07-01T08:40:55.092931600Z</date>
  <millis>1751359255092</millis>
  <nanos>931600</nanos>
  <sequence>289</sequence>
  <logger>itri.sstc.framework.core.httpd.file.FileRequestHandleTask</logger>
  <level>INFO</level>
  <class>itri.sstc.framework.core.httpd.file.FileRequestHandleTask</class>
  <method>run</method>
  <thread>253</thread>
  <message>Thread[253] GET /html/AdminLTE/plugins/datatables/jquery.dataTables.min.js</message>
</record>
<record>
  <date>2025-07-01T08:40:55.095853Z</date>
  <millis>1751359255095</millis>
  <nanos>853000</nanos>
  <sequence>290</sequence>
  <logger>itri.sstc.framework.core.httpd.file.FileRequestHandleTask</logger>
  <level>INFO</level>
  <class>itri.sstc.framework.core.httpd.file.FileRequestHandleTask</class>
  <method>run</method>
  <thread>254</thread>
  <message>Thread[254] GET /html/script/jquery-validation/jquery.validate.js</message>
</record>
<record>
  <date>2025-07-01T08:40:55.096824900Z</date>
  <millis>1751359255096</millis>
  <nanos>824900</nanos>
  <sequence>291</sequence>
  <logger>itri.sstc.framework.core.httpd.file.FileRequestHandleTask</logger>
  <level>INFO</level>
  <class>itri.sstc.framework.core.httpd.file.FileRequestHandleTask</class>
  <method>run</method>
  <thread>255</thread>
  <message>Thread[255] GET /html/script/jquery-validation/jquery.metadata.js</message>
</record>
<record>
  <date>2025-07-01T08:40:55.096824900Z</date>
  <millis>1751359255096</millis>
  <nanos>824900</nanos>
  <sequence>292</sequence>
  <logger>itri.sstc.framework.core.httpd.file.FileRequestHandleTask</logger>
  <level>INFO</level>
  <class>itri.sstc.framework.core.httpd.file.FileRequestHandleTask</class>
  <method>run</method>
  <thread>256</thread>
  <message>Thread[256] GET /html/script/jquery-validation/validate.method.js</message>
</record>
<record>
  <date>2025-07-01T08:40:55.107093700Z</date>
  <millis>1751359255107</millis>
  <nanos>93700</nanos>
  <sequence>293</sequence>
  <logger>itri.sstc.framework.core.httpd.file.FileRequestHandleTask</logger>
  <level>INFO</level>
  <class>itri.sstc.framework.core.httpd.file.FileRequestHandleTask</class>
  <method>run</method>
  <thread>257</thread>
  <message>Thread[257] GET /html/script/jquery-validation/additional-methods.js</message>
</record>
<record>
  <date>2025-07-01T08:40:55.114880300Z</date>
  <millis>1751359255114</millis>
  <nanos>880300</nanos>
  <sequence>294</sequence>
  <logger>itri.sstc.framework.core.httpd.file.FileRequestHandleTask</logger>
  <level>INFO</level>
  <class>itri.sstc.framework.core.httpd.file.FileRequestHandleTask</class>
  <method>run</method>
  <thread>258</thread>
  <message>Thread[258] GET /html/script/jquery-sliderkit/jquery.easing.1.3.min.js</message>
</record>
<record>
  <date>2025-07-01T08:40:55.115855200Z</date>
  <millis>1751359255115</millis>
  <nanos>855200</nanos>
  <sequence>296</sequence>
  <logger>itri.sstc.framework.core.httpd.file.FileRequestHandleTask</logger>
  <level>INFO</level>
  <class>itri.sstc.framework.core.httpd.file.FileRequestHandleTask</class>
  <method>run</method>
  <thread>259</thread>
  <message>Thread[259] GET /html/script/jquery-sliderkit/jquery.mousewheel.min.js</message>
</record>
<record>
  <date>2025-07-01T08:40:55.115855200Z</date>
  <millis>1751359255115</millis>
  <nanos>855200</nanos>
  <sequence>295</sequence>
  <logger>itri.sstc.framework.core.httpd.file.FileRequestHandleTask</logger>
  <level>INFO</level>
  <class>itri.sstc.framework.core.httpd.file.FileRequestHandleTask</class>
  <method>run</method>
  <thread>260</thread>
  <message>Thread[260] GET /html/script/jquery-sliderkit/jquery.sliderkit.1.9.2.pack.js</message>
</record>
<record>
  <date>2025-07-01T08:40:55.121693900Z</date>
  <millis>1751359255121</millis>
  <nanos>693900</nanos>
  <sequence>297</sequence>
  <logger>itri.sstc.framework.core.httpd.file.FileRequestHandleTask</logger>
  <level>INFO</level>
  <class>itri.sstc.framework.core.httpd.file.FileRequestHandleTask</class>
  <method>run</method>
  <thread>261</thread>
  <message>Thread[261] GET /html/script/jquery-loadmask/loadmask.js</message>
</record>
<record>
  <date>2025-07-01T08:40:55.128507Z</date>
  <millis>1751359255128</millis>
  <nanos>507000</nanos>
  <sequence>298</sequence>
  <logger>itri.sstc.framework.core.httpd.file.FileRequestHandleTask</logger>
  <level>INFO</level>
  <class>itri.sstc.framework.core.httpd.file.FileRequestHandleTask</class>
  <method>run</method>
  <thread>262</thread>
  <message>Thread[262] GET /html/script/jquery-growl/jquery.growl.js</message>
</record>
<record>
  <date>2025-07-01T08:40:55.129480600Z</date>
  <millis>1751359255129</millis>
  <nanos>480600</nanos>
  <sequence>299</sequence>
  <logger>itri.sstc.framework.core.httpd.file.FileRequestHandleTask</logger>
  <level>INFO</level>
  <class>itri.sstc.framework.core.httpd.file.FileRequestHandleTask</class>
  <method>run</method>
  <thread>263</thread>
  <message>Thread[263] GET /html/script/jquery-timepicker/jquery.timepicker.min.js</message>
</record>
<record>
  <date>2025-07-01T08:40:55.130453500Z</date>
  <millis>1751359255130</millis>
  <nanos>453500</nanos>
  <sequence>300</sequence>
  <logger>itri.sstc.framework.core.httpd.file.FileRequestHandleTask</logger>
  <level>INFO</level>
  <class>itri.sstc.framework.core.httpd.file.FileRequestHandleTask</class>
  <method>run</method>
  <thread>264</thread>
  <message>Thread[264] GET /html/script/employee.js</message>
</record>
<record>
  <date>2025-07-01T08:40:55.144081200Z</date>
  <millis>1751359255144</millis>
  <nanos>81200</nanos>
  <sequence>301</sequence>
  <logger>itri.sstc.framework.core.httpd.file.FileRequestHandleTask</logger>
  <level>INFO</level>
  <class>itri.sstc.framework.core.httpd.file.FileRequestHandleTask</class>
  <method>run</method>
  <thread>265</thread>
  <message>Thread[265] GET /html/script/wg.template.js</message>
</record>
<record>
  <date>2025-07-01T08:40:55.144081200Z</date>
  <millis>1751359255144</millis>
  <nanos>81200</nanos>
  <sequence>302</sequence>
  <logger>itri.sstc.framework.core.httpd.file.FileRequestHandleTask</logger>
  <level>INFO</level>
  <class>itri.sstc.framework.core.httpd.file.FileRequestHandleTask</class>
  <method>run</method>
  <thread>267</thread>
  <message>Thread[267] GET /html/script/jquery.ganttView-master/date-zh-TW.js</message>
</record>
<record>
  <date>2025-07-01T08:40:55.146027600Z</date>
  <millis>1751359255146</millis>
  <nanos>27600</nanos>
  <sequence>303</sequence>
  <logger>itri.sstc.framework.core.httpd.file.FileRequestHandleTask</logger>
  <level>INFO</level>
  <class>itri.sstc.framework.core.httpd.file.FileRequestHandleTask</class>
  <method>run</method>
  <thread>266</thread>
  <message>Thread[266] GET /html/script/wg.evalForm.js</message>
</record>
<record>
  <date>2025-07-01T08:40:55.147001300Z</date>
  <millis>1751359255147</millis>
  <nanos>1300</nanos>
  <sequence>304</sequence>
  <logger>itri.sstc.framework.core.httpd.file.FileRequestHandleTask</logger>
  <level>INFO</level>
  <class>itri.sstc.framework.core.httpd.file.FileRequestHandleTask</class>
  <method>run</method>
  <thread>269</thread>
  <message>Thread[269] GET /html/script/jquery-qtip/jquery.qtip.min.js</message>
</record>
<record>
  <date>2025-07-01T08:40:55.147001300Z</date>
  <millis>1751359255147</millis>
  <nanos>1300</nanos>
  <sequence>305</sequence>
  <logger>itri.sstc.framework.core.httpd.file.FileRequestHandleTask</logger>
  <level>INFO</level>
  <class>itri.sstc.framework.core.httpd.file.FileRequestHandleTask</class>
  <method>run</method>
  <thread>268</thread>
  <message>Thread[268] GET /html/script/jquery.ganttView-master/jquery.ganttView.js</message>
</record>
<record>
  <date>2025-07-01T08:40:55.147001300Z</date>
  <millis>1751359255147</millis>
  <nanos>1300</nanos>
  <sequence>306</sequence>
  <logger>itri.sstc.framework.core.httpd.file.FileRequestHandleTask</logger>
  <level>INFO</level>
  <class>itri.sstc.framework.core.httpd.file.FileRequestHandleTask</class>
  <method>run</method>
  <thread>270</thread>
  <message>Thread[270] GET /html/plug-in/cookie/jquery.cookie.js</message>
</record>
<record>
  <date>2025-07-01T08:40:55.156733400Z</date>
  <millis>1751359255156</millis>
  <nanos>733400</nanos>
  <sequence>307</sequence>
  <logger>itri.sstc.framework.core.httpd.file.FileRequestHandleTask</logger>
  <level>INFO</level>
  <class>itri.sstc.framework.core.httpd.file.FileRequestHandleTask</class>
  <method>run</method>
  <thread>271</thread>
  <message>Thread[271] GET /html/script/security/tripledes.js</message>
</record>
<record>
  <date>2025-07-01T08:40:55.170369100Z</date>
  <millis>1751359255170</millis>
  <nanos>369100</nanos>
  <sequence>308</sequence>
  <logger>itri.sstc.framework.core.httpd.file.FileRequestHandleTask</logger>
  <level>INFO</level>
  <class>itri.sstc.framework.core.httpd.file.FileRequestHandleTask</class>
  <method>run</method>
  <thread>272</thread>
  <message>Thread[272] GET /html/script/security/mode-ecb-min.js</message>
</record>
<record>
  <date>2025-07-01T08:40:55.173280400Z</date>
  <millis>1751359255173</millis>
  <nanos>280400</nanos>
  <sequence>309</sequence>
  <logger>itri.sstc.framework.core.httpd.file.FileRequestHandleTask</logger>
  <level>INFO</level>
  <class>itri.sstc.framework.core.httpd.file.FileRequestHandleTask</class>
  <method>run</method>
  <thread>273</thread>
  <message>Thread[273] GET /html/script/security/utils.js</message>
</record>
<record>
  <date>2025-07-01T08:40:55.173280400Z</date>
  <millis>1751359255173</millis>
  <nanos>280400</nanos>
  <sequence>310</sequence>
  <logger>itri.sstc.framework.core.httpd.file.FileRequestHandleTask</logger>
  <level>INFO</level>
  <class>itri.sstc.framework.core.httpd.file.FileRequestHandleTask</class>
  <method>run</method>
  <thread>274</thread>
  <message>Thread[274] GET /html/script/imas/sweetalert.min.js</message>
</record>
<record>
  <date>2025-07-01T08:40:55.191777800Z</date>
  <millis>1751359255191</millis>
  <nanos>777800</nanos>
  <sequence>311</sequence>
  <logger>itri.sstc.framework.core.httpd.file.FileRequestHandleTask</logger>
  <level>INFO</level>
  <class>itri.sstc.framework.core.httpd.file.FileRequestHandleTask</class>
  <method>run</method>
  <thread>276</thread>
  <message>Thread[276] GET /html/AdminLTE/bootstrap/css/bootstrap.min.css.map</message>
</record>
<record>
  <date>2025-07-01T08:40:55.191777800Z</date>
  <millis>1751359255191</millis>
  <nanos>777800</nanos>
  <sequence>313</sequence>
  <logger>itri.sstc.framework.core.httpd.file.FileRequestHandleTask</logger>
  <level>INFO</level>
  <class>itri.sstc.framework.core.httpd.file.FileRequestHandleTask</class>
  <method>run</method>
  <thread>277</thread>
  <message>Thread[277] GET /html/plug-in/Validform/css/style.css</message>
</record>
<record>
  <date>2025-07-01T08:40:55.191777800Z</date>
  <millis>1751359255191</millis>
  <nanos>777800</nanos>
  <sequence>312</sequence>
  <logger>itri.sstc.framework.core.api.RESTfulAPI</logger>
  <level>INFO</level>
  <class>itri.sstc.framework.core.api.RESTfulAPI</class>
  <method>log</method>
  <thread>275</thread>
  <message>"/security/api/" Call API captcha</message>
</record>
<record>
  <date>2025-07-01T08:40:55.198592900Z</date>
  <millis>1751359255198</millis>
  <nanos>592900</nanos>
  <sequence>314</sequence>
  <logger>itri.sstc.framework.core.httpd.file.FileRequestHandleTask</logger>
  <level>INFO</level>
  <class>itri.sstc.framework.core.httpd.file.FileRequestHandleTask</class>
  <method>run</method>
  <thread>278</thread>
  <message>Thread[278] GET /html/plug-in/Validform/css/tablefrom.css</message>
</record>
<record>
  <date>2025-07-01T08:40:55.209337100Z</date>
  <millis>1751359255209</millis>
  <nanos>337100</nanos>
  <sequence>315</sequence>
  <logger>itri.sstc.framework.core.httpd.file.FileRequestHandleTask</logger>
  <level>INFO</level>
  <class>itri.sstc.framework.core.httpd.file.FileRequestHandleTask</class>
  <method>run</method>
  <thread>281</thread>
  <message>Thread[281] GET /html/plug-in/Validform/js/datatype_zh-tw.js</message>
</record>
<record>
  <date>2025-07-01T08:40:55.209337100Z</date>
  <millis>1751359255209</millis>
  <nanos>337100</nanos>
  <sequence>316</sequence>
  <logger>itri.sstc.framework.core.httpd.file.FileRequestHandleTask</logger>
  <level>INFO</level>
  <class>itri.sstc.framework.core.httpd.file.FileRequestHandleTask</class>
  <method>run</method>
  <thread>280</thread>
  <message>Thread[280] GET /html/plug-in/Validform/js/Validform_Datatype_zh-tw.js</message>
</record>
<record>
  <date>2025-07-01T08:40:55.212259500Z</date>
  <millis>1751359255212</millis>
  <nanos>259500</nanos>
  <sequence>317</sequence>
  <logger>itri.sstc.framework.core.httpd.file.FileRequestHandleTask</logger>
  <level>INFO</level>
  <class>itri.sstc.framework.core.httpd.file.FileRequestHandleTask</class>
  <method>run</method>
  <thread>279</thread>
  <message>Thread[279] GET /html/plug-in/Validform/js/Validform_v5.3.1_min_zh-tw.js</message>
</record>
<record>
  <date>2025-07-01T08:40:55.218098700Z</date>
  <millis>1751359255218</millis>
  <nanos>98700</nanos>
  <sequence>318</sequence>
  <logger>itri.sstc.framework.core.httpd.file.FileRequestHandleTask</logger>
  <level>INFO</level>
  <class>itri.sstc.framework.core.httpd.file.FileRequestHandleTask</class>
  <method>run</method>
  <thread>282</thread>
  <message>Thread[282] GET /html/plug-in/Validform/plugin/passwordStrength/passwordStrength-min.js</message>
</record>
<record>
  <date>2025-07-01T08:40:55.231725100Z</date>
  <millis>1751359255231</millis>
  <nanos>725100</nanos>
  <sequence>320</sequence>
  <logger>itri.sstc.framework.core.httpd.file.FileRequestHandleTask</logger>
  <level>INFO</level>
  <class>itri.sstc.framework.core.httpd.file.FileRequestHandleTask</class>
  <method>run</method>
  <thread>285</thread>
  <message>Thread[285] GET /html/script/jquery-qtip/jquery.qtip.min.map</message>
</record>
<record>
  <date>2025-07-01T08:40:55.231725100Z</date>
  <millis>1751359255231</millis>
  <nanos>725100</nanos>
  <sequence>321</sequence>
  <logger>itri.sstc.framework.core.httpd.file.FileRequestHandleTask</logger>
  <level>INFO</level>
  <class>itri.sstc.framework.core.httpd.file.FileRequestHandleTask</class>
  <method>run</method>
  <thread>283</thread>
  <message>Thread[283] GET /html/plug-in/My97DatePicker/WdatePicker.js</message>
</record>
<record>
  <date>2025-07-01T08:40:55.231725100Z</date>
  <millis>1751359255231</millis>
  <nanos>725100</nanos>
  <sequence>319</sequence>
  <logger>itri.sstc.framework.core.httpd.file.FileRequestHandleTask</logger>
  <level>INFO</level>
  <class>itri.sstc.framework.core.httpd.file.FileRequestHandleTask</class>
  <method>run</method>
  <thread>286</thread>
  <message>Thread[286] GET /html/plug-in/My97DatePicker/skin/WdatePicker.css</message>
</record>
<record>
  <date>2025-07-01T08:40:55.231725100Z</date>
  <millis>1751359255231</millis>
  <nanos>725100</nanos>
  <sequence>322</sequence>
  <logger>itri.sstc.framework.core.httpd.file.FileRequestHandleTask</logger>
  <level>INFO</level>
  <class>itri.sstc.framework.core.httpd.file.FileRequestHandleTask</class>
  <method>run</method>
  <thread>284</thread>
  <message>Thread[284] GET /html/images/imas/itri_logo.png</message>
</record>
<record>
  <date>2025-07-01T08:40:55.245350900Z</date>
  <millis>1751359255245</millis>
  <nanos>350900</nanos>
  <sequence>323</sequence>
  <logger>itri.sstc.framework.core.httpd.file.FileRequestHandleTask</logger>
  <level>INFO</level>
  <class>itri.sstc.framework.core.httpd.file.FileRequestHandleTask</class>
  <method>run</method>
  <thread>287</thread>
  <message>Thread[287] GET /html/script/fullcalendar/fullcalendar.print.css</message>
</record>
<record>
  <date>2025-07-01T08:40:55.323853Z</date>
  <millis>1751359255323</millis>
  <nanos>853000</nanos>
  <sequence>324</sequence>
  <logger>itri.sstc.framework.core.httpd.file.FileRequestHandleTask</logger>
  <level>INFO</level>
  <class>itri.sstc.framework.core.httpd.file.FileRequestHandleTask</class>
  <method>run</method>
  <thread>288</thread>
  <message>Thread[288] GET /html/AdminLTE/bootstrap/fonts/glyphicons-halflings-regular.woff2</message>
</record>
<record>
  <date>2025-07-01T08:40:55.323853Z</date>
  <millis>1751359255323</millis>
  <nanos>853000</nanos>
  <sequence>325</sequence>
  <logger>itri.sstc.framework.core.httpd.file.FileRequestHandleTask</logger>
  <level>INFO</level>
  <class>itri.sstc.framework.core.httpd.file.FileRequestHandleTask</class>
  <method>run</method>
  <thread>289</thread>
  <message>Thread[289] GET /html/style/fonts/fontawesome-webfont.woff2</message>
</record>
<record>
  <date>2025-07-01T08:40:55.392055900Z</date>
  <millis>1751359255392</millis>
  <nanos>55900</nanos>
  <sequence>326</sequence>
  <logger>itri.sstc.framework.core.httpd.file.FileRequestHandleTask</logger>
  <level>INFO</level>
  <class>itri.sstc.framework.core.httpd.file.FileRequestHandleTask</class>
  <method>run</method>
  <thread>290</thread>
  <message>Thread[290] GET /html/images/favicon.ico</message>
</record>
<record>
  <date>2025-07-01T08:41:00.268577Z</date>
  <millis>1751359260268</millis>
  <nanos>577000</nanos>
  <sequence>327</sequence>
  <logger>itri.sstc.framework.core.api.RESTfulAPI</logger>
  <level>INFO</level>
  <class>itri.sstc.framework.core.api.RESTfulAPI</class>
  <method>log</method>
  <thread>291</thread>
  <message>"/security/api/" Call API login</message>
</record>
<record>
  <date>2025-07-01T08:41:01.873637100Z</date>
  <millis>1751359261873</millis>
  <nanos>637100</nanos>
  <sequence>328</sequence>
  <logger>itri.sstc.framework.core.api.RESTfulAPI</logger>
  <level>INFO</level>
  <class>itri.sstc.framework.core.api.RESTfulAPI</class>
  <method>log</method>
  <thread>294</thread>
  <message>"/security/api/" Call API login</message>
</record>
<record>
  <date>2025-07-01T08:41:06.678412200Z</date>
  <millis>1751359266678</millis>
  <nanos>412200</nanos>
  <sequence>329</sequence>
  <logger>itri.sstc.freemarker.core.RequestHandler</logger>
  <level>INFO</level>
  <class>itri.sstc.freemarker.core.RequestHandler</class>
  <method>getTemplateData</method>
  <thread>48</thread>
  <message>[casetraining/caseDashboard]</message>
</record>
<record>
  <date>2025-07-01T08:41:06.679469600Z</date>
  <millis>1751359266679</millis>
  <nanos>469600</nanos>
  <sequence>330</sequence>
  <logger>itri.sstc.freemarker.core.RequestHandler</logger>
  <level>INFO</level>
  <class>itri.sstc.freemarker.core.RequestHandler</class>
  <method>getTemplateData</method>
  <thread>48</thread>
  <message>加入全域變數</message>
</record>
<record>
  <date>2025-07-01T08:41:07.579883700Z</date>
  <millis>1751359267579</millis>
  <nanos>883700</nanos>
  <sequence>331</sequence>
  <logger>itri.sstc.freemarker.core.RequestHandler</logger>
  <level>INFO</level>
  <class>itri.sstc.freemarker.core.RequestHandler</class>
  <method>render</method>
  <thread>48</thread>
  <message>FTL Process time: 901ms</message>
</record>
<record>
  <date>2025-07-01T08:41:07.580956900Z</date>
  <millis>1751359267580</millis>
  <nanos>956900</nanos>
  <sequence>332</sequence>
  <logger>itri.sstc.framework.core.api.RESTfulAPI</logger>
  <level>SEVERE</level>
  <class>itri.sstc.freemarker.httpd.FreemarkerAPI</class>
  <method>handle</method>
  <thread>48</thread>
  <message>��蝺歇鋡急銝餅�����葉甇Ｕ��</message>
</record>
<record>
  <date>2025-07-01T08:41:07.580956900Z</date>
  <millis>1751359267580</millis>
  <nanos>956900</nanos>
  <sequence>333</sequence>
  <logger>itri.sstc.freemarker.core.RequestHandler</logger>
  <level>INFO</level>
  <class>itri.sstc.freemarker.core.RequestHandler</class>
  <method>getTemplateData</method>
  <thread>48</thread>
  <message>[casetraining/caseDashboard]</message>
</record>
<record>
  <date>2025-07-01T08:41:07.581972600Z</date>
  <millis>1751359267581</millis>
  <nanos>972600</nanos>
  <sequence>334</sequence>
  <logger>itri.sstc.freemarker.core.RequestHandler</logger>
  <level>INFO</level>
  <class>itri.sstc.freemarker.core.RequestHandler</class>
  <method>getTemplateData</method>
  <thread>48</thread>
  <message>加入全域變數</message>
</record>
<record>
  <date>2025-07-01T08:41:08.016637700Z</date>
  <millis>1751359268016</millis>
  <nanos>637700</nanos>
  <sequence>335</sequence>
  <logger>itri.sstc.freemarker.core.RequestHandler</logger>
  <level>INFO</level>
  <class>itri.sstc.freemarker.core.RequestHandler</class>
  <method>render</method>
  <thread>48</thread>
  <message>FTL Process time: 436ms</message>
</record>
<record>
  <date>2025-07-01T08:41:08.032938100Z</date>
  <millis>1751359268032</millis>
  <nanos>938100</nanos>
  <sequence>336</sequence>
  <logger>itri.sstc.framework.core.httpd.file.FileRequestHandleTask</logger>
  <level>INFO</level>
  <class>itri.sstc.framework.core.httpd.file.FileRequestHandleTask</class>
  <method>run</method>
  <thread>295</thread>
  <message>Thread[295] GET /html/script/woundInfo/jquery-2.2.0.min.js</message>
</record>
<record>
  <date>2025-07-01T08:41:08.038774300Z</date>
  <millis>1751359268038</millis>
  <nanos>774300</nanos>
  <sequence>338</sequence>
  <logger>itri.sstc.framework.core.httpd.file.FileRequestHandleTask</logger>
  <level>INFO</level>
  <class>itri.sstc.framework.core.httpd.file.FileRequestHandleTask</class>
  <method>run</method>
  <thread>297</thread>
  <message>Thread[297] GET /html/script/imas/moment.min.js</message>
</record>
<record>
  <date>2025-07-01T08:41:08.038774300Z</date>
  <millis>1751359268038</millis>
  <nanos>774300</nanos>
  <sequence>337</sequence>
  <logger>itri.sstc.framework.core.httpd.file.FileRequestHandleTask</logger>
  <level>INFO</level>
  <class>itri.sstc.framework.core.httpd.file.FileRequestHandleTask</class>
  <method>run</method>
  <thread>296</thread>
  <message>Thread[296] GET /html/script/woundInfo/bootstrap.min.js</message>
</record>
<record>
  <date>2025-07-01T08:41:08.043644300Z</date>
  <millis>1751359268043</millis>
  <nanos>644300</nanos>
  <sequence>339</sequence>
  <logger>itri.sstc.framework.core.httpd.file.FileRequestHandleTask</logger>
  <level>INFO</level>
  <class>itri.sstc.framework.core.httpd.file.FileRequestHandleTask</class>
  <method>run</method>
  <thread>300</thread>
  <message>Thread[300] GET /html/script/woundInfo/chartjs-plugin-datalabels.min.js</message>
</record>
<record>
  <date>2025-07-01T08:41:08.044617500Z</date>
  <millis>1751359268044</millis>
  <nanos>617500</nanos>
  <sequence>340</sequence>
  <logger>itri.sstc.framework.core.httpd.file.FileRequestHandleTask</logger>
  <level>INFO</level>
  <class>itri.sstc.framework.core.httpd.file.FileRequestHandleTask</class>
  <method>run</method>
  <thread>299</thread>
  <message>Thread[299] GET /html/script/woundInfo/Chart.min.js</message>
</record>
<record>
  <date>2025-07-01T08:41:08.045590600Z</date>
  <millis>1751359268045</millis>
  <nanos>590600</nanos>
  <sequence>341</sequence>
  <logger>itri.sstc.framework.core.httpd.file.FileRequestHandleTask</logger>
  <level>INFO</level>
  <class>itri.sstc.framework.core.httpd.file.FileRequestHandleTask</class>
  <method>run</method>
  <thread>298</thread>
  <message>Thread[298] GET /html/script/imas/chart-utils.min.js</message>
</record>
<record>
  <date>2025-07-01T08:41:08.062173700Z</date>
  <millis>1751359268062</millis>
  <nanos>173700</nanos>
  <sequence>342</sequence>
  <logger>itri.sstc.framework.core.httpd.file.FileRequestHandleTask</logger>
  <level>INFO</level>
  <class>itri.sstc.framework.core.httpd.file.FileRequestHandleTask</class>
  <method>run</method>
  <thread>301</thread>
  <message>Thread[301] GET /html/style/woundInfo/bootstrap.min.css</message>
</record>
<record>
  <date>2025-07-01T08:41:08.063146400Z</date>
  <millis>1751359268063</millis>
  <nanos>146400</nanos>
  <sequence>343</sequence>
  <logger>itri.sstc.framework.core.httpd.file.FileRequestHandleTask</logger>
  <level>INFO</level>
  <class>itri.sstc.framework.core.httpd.file.FileRequestHandleTask</class>
  <method>run</method>
  <thread>302</thread>
  <message>Thread[302] GET /html/style/woundInfo/bootstrap-datepicker.min.css</message>
</record>
<record>
  <date>2025-07-01T08:41:08.070934400Z</date>
  <millis>1751359268070</millis>
  <nanos>934400</nanos>
  <sequence>344</sequence>
  <logger>itri.sstc.framework.core.httpd.file.FileRequestHandleTask</logger>
  <level>INFO</level>
  <class>itri.sstc.framework.core.httpd.file.FileRequestHandleTask</class>
  <method>run</method>
  <thread>303</thread>
  <message>Thread[303] GET /html/style/woundInfo/font-awesome.min.css</message>
</record>
<record>
  <date>2025-07-01T08:41:08.074826700Z</date>
  <millis>1751359268074</millis>
  <nanos>826700</nanos>
  <sequence>347</sequence>
  <logger>itri.sstc.framework.core.httpd.file.FileRequestHandleTask</logger>
  <level>INFO</level>
  <class>itri.sstc.framework.core.httpd.file.FileRequestHandleTask</class>
  <method>run</method>
  <thread>306</thread>
  <message>Thread[306] GET /html/style/woundInfo/multi.min.css</message>
</record>
<record>
  <date>2025-07-01T08:41:08.072880Z</date>
  <millis>1751359268072</millis>
  <nanos>880000</nanos>
  <sequence>346</sequence>
  <logger>itri.sstc.framework.core.httpd.file.FileRequestHandleTask</logger>
  <level>INFO</level>
  <class>itri.sstc.framework.core.httpd.file.FileRequestHandleTask</class>
  <method>run</method>
  <thread>304</thread>
  <message>Thread[304] GET /html/style/woundInfo/dataTables/dataTables.bootstrap.min.css</message>
</record>
<record>
  <date>2025-07-01T08:41:08.071906600Z</date>
  <millis>1751359268071</millis>
  <nanos>906600</nanos>
  <sequence>345</sequence>
  <logger>itri.sstc.framework.core.httpd.file.FileRequestHandleTask</logger>
  <level>INFO</level>
  <class>itri.sstc.framework.core.httpd.file.FileRequestHandleTask</class>
  <method>run</method>
  <thread>305</thread>
  <message>Thread[305] GET /html/style/woundInfo/select.dataTables.min.css</message>
</record>
<record>
  <date>2025-07-01T08:41:08.089428100Z</date>
  <millis>1751359268089</millis>
  <nanos>428100</nanos>
  <sequence>348</sequence>
  <logger>itri.sstc.framework.core.httpd.file.FileRequestHandleTask</logger>
  <level>INFO</level>
  <class>itri.sstc.framework.core.httpd.file.FileRequestHandleTask</class>
  <method>run</method>
  <thread>307</thread>
  <message>Thread[307] GET /html/style/imas/widget/jquery.multiselect.css</message>
</record>
<record>
  <date>2025-07-01T08:41:08.090400700Z</date>
  <millis>1751359268090</millis>
  <nanos>400700</nanos>
  <sequence>350</sequence>
  <logger>itri.sstc.framework.core.httpd.file.FileRequestHandleTask</logger>
  <level>INFO</level>
  <class>itri.sstc.framework.core.httpd.file.FileRequestHandleTask</class>
  <method>run</method>
  <thread>309</thread>
  <message>Thread[309] GET /html/style/imas/fullCalender.css</message>
</record>
<record>
  <date>2025-07-01T08:41:08.090400700Z</date>
  <millis>1751359268090</millis>
  <nanos>400700</nanos>
  <sequence>349</sequence>
  <logger>itri.sstc.framework.core.httpd.file.FileRequestHandleTask</logger>
  <level>INFO</level>
  <class>itri.sstc.framework.core.httpd.file.FileRequestHandleTask</class>
  <method>run</method>
  <thread>308</thread>
  <message>Thread[308] GET /html/style/woundInfo/selectize.css</message>
</record>
<record>
  <date>2025-07-01T08:41:08.098186800Z</date>
  <millis>1751359268098</millis>
  <nanos>186800</nanos>
  <sequence>351</sequence>
  <logger>itri.sstc.framework.core.httpd.file.FileRequestHandleTask</logger>
  <level>INFO</level>
  <class>itri.sstc.framework.core.httpd.file.FileRequestHandleTask</class>
  <method>run</method>
  <thread>311</thread>
  <message>Thread[311] GET /html/style/imas/widget/evaluation.css</message>
</record>
<record>
  <date>2025-07-01T08:41:08.098186800Z</date>
  <millis>1751359268098</millis>
  <nanos>186800</nanos>
  <sequence>352</sequence>
  <logger>itri.sstc.framework.core.httpd.file.FileRequestHandleTask</logger>
  <level>INFO</level>
  <class>itri.sstc.framework.core.httpd.file.FileRequestHandleTask</class>
  <method>run</method>
  <thread>310</thread>
  <message>Thread[310] GET /html/style/imas/widget/appointment.css</message>
</record>
<record>
  <date>2025-07-01T08:41:08.106950900Z</date>
  <millis>1751359268106</millis>
  <nanos>950900</nanos>
  <sequence>353</sequence>
  <logger>itri.sstc.framework.core.httpd.file.FileRequestHandleTask</logger>
  <level>INFO</level>
  <class>itri.sstc.framework.core.httpd.file.FileRequestHandleTask</class>
  <method>run</method>
  <thread>312</thread>
  <message>Thread[312] GET /html/style/imas/widget/common.css</message>
</record>
<record>
  <date>2025-07-01T08:41:08.106950900Z</date>
  <millis>1751359268106</millis>
  <nanos>950900</nanos>
  <sequence>354</sequence>
  <logger>itri.sstc.framework.core.httpd.file.FileRequestHandleTask</logger>
  <level>INFO</level>
  <class>itri.sstc.framework.core.httpd.file.FileRequestHandleTask</class>
  <method>run</method>
  <thread>313</thread>
  <message>Thread[313] GET /html/style/imas/select2.min.css</message>
</record>
<record>
  <date>2025-07-01T08:41:08.110844Z</date>
  <millis>1751359268110</millis>
  <nanos>844000</nanos>
  <sequence>355</sequence>
  <logger>itri.sstc.framework.core.httpd.file.FileRequestHandleTask</logger>
  <level>INFO</level>
  <class>itri.sstc.framework.core.httpd.file.FileRequestHandleTask</class>
  <method>run</method>
  <thread>314</thread>
  <message>Thread[314] GET /html/style/imas/timepicker.min.css</message>
</record>
<record>
  <date>2025-07-01T08:41:08.110844Z</date>
  <millis>1751359268110</millis>
  <nanos>844000</nanos>
  <sequence>356</sequence>
  <logger>itri.sstc.framework.core.httpd.file.FileRequestHandleTask</logger>
  <level>INFO</level>
  <class>itri.sstc.framework.core.httpd.file.FileRequestHandleTask</class>
  <method>run</method>
  <thread>316</thread>
  <message>Thread[316] GET /html/style/imas/lightgallery.css</message>
</record>
<record>
  <date>2025-07-01T08:41:08.110844Z</date>
  <millis>1751359268110</millis>
  <nanos>844000</nanos>
  <sequence>357</sequence>
  <logger>itri.sstc.framework.core.httpd.file.FileRequestHandleTask</logger>
  <level>INFO</level>
  <class>itri.sstc.framework.core.httpd.file.FileRequestHandleTask</class>
  <method>run</method>
  <thread>315</thread>
  <message>Thread[315] GET /html/style/woundInfo/notify.min.css</message>
</record>
<record>
  <date>2025-07-01T08:41:08.114696900Z</date>
  <millis>1751359268114</millis>
  <nanos>696900</nanos>
  <sequence>358</sequence>
  <logger>itri.sstc.framework.core.httpd.file.FileRequestHandleTask</logger>
  <level>INFO</level>
  <class>itri.sstc.framework.core.httpd.file.FileRequestHandleTask</class>
  <method>run</method>
  <thread>317</thread>
  <message>Thread[317] GET /html/style/imas/lg-zoom.css</message>
</record>
<record>
  <date>2025-07-01T08:41:08.118634400Z</date>
  <millis>1751359268118</millis>
  <nanos>634400</nanos>
  <sequence>359</sequence>
  <logger>itri.sstc.framework.core.httpd.file.FileRequestHandleTask</logger>
  <level>INFO</level>
  <class>itri.sstc.framework.core.httpd.file.FileRequestHandleTask</class>
  <method>run</method>
  <thread>318</thread>
  <message>Thread[318] GET /html/style/imas/logo.css</message>
</record>
<record>
  <date>2025-07-01T08:41:08.121553800Z</date>
  <millis>1751359268121</millis>
  <nanos>553800</nanos>
  <sequence>360</sequence>
  <logger>itri.sstc.framework.core.httpd.file.FileRequestHandleTask</logger>
  <level>INFO</level>
  <class>itri.sstc.framework.core.httpd.file.FileRequestHandleTask</class>
  <method>run</method>
  <thread>319</thread>
  <message>Thread[319] GET /html/style/imas/bootstrap-tagsinput.css</message>
</record>
<record>
  <date>2025-07-01T08:41:08.121553800Z</date>
  <millis>1751359268121</millis>
  <nanos>553800</nanos>
  <sequence>361</sequence>
  <logger>itri.sstc.framework.core.httpd.file.FileRequestHandleTask</logger>
  <level>INFO</level>
  <class>itri.sstc.framework.core.httpd.file.FileRequestHandleTask</class>
  <method>run</method>
  <thread>320</thread>
  <message>Thread[320] GET /html/style/imas/contextMenu.css</message>
</record>
<record>
  <date>2025-07-01T08:41:08.124474500Z</date>
  <millis>1751359268124</millis>
  <nanos>474500</nanos>
  <sequence>362</sequence>
  <logger>itri.sstc.framework.core.httpd.file.FileRequestHandleTask</logger>
  <level>INFO</level>
  <class>itri.sstc.framework.core.httpd.file.FileRequestHandleTask</class>
  <method>run</method>
  <thread>321</thread>
  <message>Thread[321] GET /html/script/woundInfo/chartjs-plugin-annotation.min.js</message>
</record>
<record>
  <date>2025-07-01T08:41:08.126422500Z</date>
  <millis>1751359268126</millis>
  <nanos>422500</nanos>
  <sequence>363</sequence>
  <logger>itri.sstc.framework.core.httpd.file.FileRequestHandleTask</logger>
  <level>INFO</level>
  <class>itri.sstc.framework.core.httpd.file.FileRequestHandleTask</class>
  <method>run</method>
  <thread>322</thread>
  <message>Thread[322] GET /html/script/woundInfo/chartjs-adapter-date-fns.bundle.min.js</message>
</record>
<record>
  <date>2025-07-01T08:41:08.126422500Z</date>
  <millis>1751359268126</millis>
  <nanos>422500</nanos>
  <sequence>364</sequence>
  <logger>itri.sstc.framework.core.httpd.file.FileRequestHandleTask</logger>
  <level>INFO</level>
  <class>itri.sstc.framework.core.httpd.file.FileRequestHandleTask</class>
  <method>run</method>
  <thread>323</thread>
  <message>Thread[323] GET /html/script/imas/utility.js</message>
</record>
<record>
  <date>2025-07-01T08:41:08.128368700Z</date>
  <millis>1751359268128</millis>
  <nanos>368700</nanos>
  <sequence>365</sequence>
  <logger>itri.sstc.framework.core.httpd.file.FileRequestHandleTask</logger>
  <level>INFO</level>
  <class>itri.sstc.framework.core.httpd.file.FileRequestHandleTask</class>
  <method>run</method>
  <thread>324</thread>
  <message>Thread[324] GET /html/script/wg.evalForm.js</message>
</record>
<record>
  <date>2025-07-01T08:41:08.128368700Z</date>
  <millis>1751359268128</millis>
  <nanos>368700</nanos>
  <sequence>366</sequence>
  <logger>itri.sstc.framework.core.httpd.file.FileRequestHandleTask</logger>
  <level>INFO</level>
  <class>itri.sstc.framework.core.httpd.file.FileRequestHandleTask</class>
  <method>run</method>
  <thread>325</thread>
  <message>Thread[325] GET /html/script/woundInfo/html2canvas.min.js</message>
</record>
<record>
  <date>2025-07-01T08:41:08.130753300Z</date>
  <millis>1751359268130</millis>
  <nanos>753300</nanos>
  <sequence>367</sequence>
  <logger>itri.sstc.framework.core.httpd.file.FileRequestHandleTask</logger>
  <level>INFO</level>
  <class>itri.sstc.framework.core.httpd.file.FileRequestHandleTask</class>
  <method>run</method>
  <thread>326</thread>
  <message>Thread[326] GET /html/script/woundInfo/canvas2image.js</message>
</record>
<record>
  <date>2025-07-01T08:41:08.138544600Z</date>
  <millis>1751359268138</millis>
  <nanos>544600</nanos>
  <sequence>369</sequence>
  <logger>itri.sstc.framework.core.httpd.file.FileRequestHandleTask</logger>
  <level>INFO</level>
  <class>itri.sstc.framework.core.httpd.file.FileRequestHandleTask</class>
  <method>run</method>
  <thread>328</thread>
  <message>Thread[328] GET /html/script/woundInfo/dataTables/jquery.dataTables.min.js</message>
</record>
<record>
  <date>2025-07-01T08:41:08.137570100Z</date>
  <millis>1751359268137</millis>
  <nanos>570100</nanos>
  <sequence>368</sequence>
  <logger>itri.sstc.framework.core.httpd.file.FileRequestHandleTask</logger>
  <level>INFO</level>
  <class>itri.sstc.framework.core.httpd.file.FileRequestHandleTask</class>
  <method>run</method>
  <thread>327</thread>
  <message>Thread[327] GET /html/script/woundInfo/bootstrap-datepicker.min.js</message>
</record>
<record>
  <date>2025-07-01T08:41:08.148896100Z</date>
  <millis>1751359268148</millis>
  <nanos>896100</nanos>
  <sequence>370</sequence>
  <logger>itri.sstc.framework.core.httpd.file.FileRequestHandleTask</logger>
  <level>INFO</level>
  <class>itri.sstc.framework.core.httpd.file.FileRequestHandleTask</class>
  <method>run</method>
  <thread>331</thread>
  <message>Thread[331] GET /html/script/imas/zoom-mark.js</message>
</record>
<record>
  <date>2025-07-01T08:41:08.149875100Z</date>
  <millis>1751359268149</millis>
  <nanos>875100</nanos>
  <sequence>371</sequence>
  <logger>itri.sstc.framework.core.httpd.file.FileRequestHandleTask</logger>
  <level>INFO</level>
  <class>itri.sstc.framework.core.httpd.file.FileRequestHandleTask</class>
  <method>run</method>
  <thread>329</thread>
  <message>Thread[329] GET /html/script/woundInfo/dataTables/dataTables.bootstrap.min.js</message>
</record>
<record>
  <date>2025-07-01T08:41:08.150848800Z</date>
  <millis>1751359268150</millis>
  <nanos>848800</nanos>
  <sequence>372</sequence>
  <logger>itri.sstc.framework.core.httpd.file.FileRequestHandleTask</logger>
  <level>INFO</level>
  <class>itri.sstc.framework.core.httpd.file.FileRequestHandleTask</class>
  <method>run</method>
  <thread>330</thread>
  <message>Thread[330] GET /html/script/woundInfo/jquery.twzipcode.min.js</message>
</record>
<record>
  <date>2025-07-01T08:41:08.157657500Z</date>
  <millis>1751359268157</millis>
  <nanos>657500</nanos>
  <sequence>373</sequence>
  <logger>itri.sstc.framework.core.httpd.file.FileRequestHandleTask</logger>
  <level>INFO</level>
  <class>itri.sstc.framework.core.httpd.file.FileRequestHandleTask</class>
  <method>run</method>
  <thread>332</thread>
  <message>Thread[332] GET /html/script/imas/lightgallery.min.js</message>
</record>
<record>
  <date>2025-07-01T08:41:08.159603400Z</date>
  <millis>1751359268159</millis>
  <nanos>603400</nanos>
  <sequence>374</sequence>
  <logger>itri.sstc.framework.core.httpd.file.FileRequestHandleTask</logger>
  <level>INFO</level>
  <class>itri.sstc.framework.core.httpd.file.FileRequestHandleTask</class>
  <method>run</method>
  <thread>333</thread>
  <message>Thread[333] GET /html/script/imas/lg-thumbnail.min.js</message>
</record>
<record>
  <date>2025-07-01T08:41:08.161550700Z</date>
  <millis>1751359268161</millis>
  <nanos>550700</nanos>
  <sequence>375</sequence>
  <logger>itri.sstc.framework.core.httpd.file.FileRequestHandleTask</logger>
  <level>INFO</level>
  <class>itri.sstc.framework.core.httpd.file.FileRequestHandleTask</class>
  <method>run</method>
  <thread>334</thread>
  <message>Thread[334] GET /html/script/imas/lg-video.min.js</message>
</record>
<record>
  <date>2025-07-01T08:41:08.165443400Z</date>
  <millis>1751359268165</millis>
  <nanos>443400</nanos>
  <sequence>376</sequence>
  <logger>itri.sstc.framework.core.httpd.file.FileRequestHandleTask</logger>
  <level>INFO</level>
  <class>itri.sstc.framework.core.httpd.file.FileRequestHandleTask</class>
  <method>run</method>
  <thread>335</thread>
  <message>Thread[335] GET /html/script/woundInfo/multi.min.js</message>
</record>
<record>
  <date>2025-07-01T08:41:08.165443400Z</date>
  <millis>1751359268165</millis>
  <nanos>443400</nanos>
  <sequence>377</sequence>
  <logger>itri.sstc.framework.core.httpd.file.FileRequestHandleTask</logger>
  <level>INFO</level>
  <class>itri.sstc.framework.core.httpd.file.FileRequestHandleTask</class>
  <method>run</method>
  <thread>336</thread>
  <message>Thread[336] GET /html/script/imas/jquery.multiselect.js</message>
</record>
<record>
  <date>2025-07-01T08:41:08.174203Z</date>
  <millis>1751359268174</millis>
  <nanos>203000</nanos>
  <sequence>378</sequence>
  <logger>itri.sstc.framework.core.httpd.file.FileRequestHandleTask</logger>
  <level>INFO</level>
  <class>itri.sstc.framework.core.httpd.file.FileRequestHandleTask</class>
  <method>run</method>
  <thread>337</thread>
  <message>Thread[337] GET /html/plug-in/qrcode/qrcode.js</message>
</record>
<record>
  <date>2025-07-01T08:41:08.176150100Z</date>
  <millis>1751359268176</millis>
  <nanos>150100</nanos>
  <sequence>379</sequence>
  <logger>itri.sstc.framework.core.httpd.file.FileRequestHandleTask</logger>
  <level>INFO</level>
  <class>itri.sstc.framework.core.httpd.file.FileRequestHandleTask</class>
  <method>run</method>
  <thread>338</thread>
  <message>Thread[338] GET /html/plug-in/qrcode/jquery.qrcode.js</message>
</record>
<record>
  <date>2025-07-01T08:41:08.179069600Z</date>
  <millis>1751359268179</millis>
  <nanos>69600</nanos>
  <sequence>381</sequence>
  <logger>itri.sstc.framework.core.httpd.file.FileRequestHandleTask</logger>
  <level>INFO</level>
  <class>itri.sstc.framework.core.httpd.file.FileRequestHandleTask</class>
  <method>run</method>
  <thread>340</thread>
  <message>Thread[340] GET /html/script/imas/fullCalender.js</message>
</record>
<record>
  <date>2025-07-01T08:41:08.178096400Z</date>
  <millis>1751359268178</millis>
  <nanos>96400</nanos>
  <sequence>380</sequence>
  <logger>itri.sstc.framework.core.httpd.file.FileRequestHandleTask</logger>
  <level>INFO</level>
  <class>itri.sstc.framework.core.httpd.file.FileRequestHandleTask</class>
  <method>run</method>
  <thread>339</thread>
  <message>Thread[339] GET /html/script/woundInfo/selectize.js</message>
</record>
<record>
  <date>2025-07-01T08:41:08.181991100Z</date>
  <millis>1751359268181</millis>
  <nanos>991100</nanos>
  <sequence>383</sequence>
  <logger>itri.sstc.framework.core.httpd.file.FileRequestHandleTask</logger>
  <level>INFO</level>
  <class>itri.sstc.framework.core.httpd.file.FileRequestHandleTask</class>
  <method>run</method>
  <thread>342</thread>
  <message>Thread[342] GET /html/script/woundInfo/notify.min.js</message>
</record>
<record>
  <date>2025-07-01T08:41:08.181991100Z</date>
  <millis>1751359268181</millis>
  <nanos>991100</nanos>
  <sequence>382</sequence>
  <logger>itri.sstc.framework.core.httpd.file.FileRequestHandleTask</logger>
  <level>INFO</level>
  <class>itri.sstc.framework.core.httpd.file.FileRequestHandleTask</class>
  <method>run</method>
  <thread>341</thread>
  <message>Thread[341] GET /html/script/imas/google-calendar.min.js</message>
</record>
<record>
  <date>2025-07-01T08:41:08.192696800Z</date>
  <millis>1751359268192</millis>
  <nanos>696800</nanos>
  <sequence>384</sequence>
  <logger>itri.sstc.framework.core.httpd.file.FileRequestHandleTask</logger>
  <level>INFO</level>
  <class>itri.sstc.framework.core.httpd.file.FileRequestHandleTask</class>
  <method>run</method>
  <thread>344</thread>
  <message>Thread[344] GET /html/script/imas/select2.min.js</message>
</record>
<record>
  <date>2025-07-01T08:41:08.192696800Z</date>
  <millis>1751359268192</millis>
  <nanos>696800</nanos>
  <sequence>385</sequence>
  <logger>itri.sstc.framework.core.httpd.file.FileRequestHandleTask</logger>
  <level>INFO</level>
  <class>itri.sstc.framework.core.httpd.file.FileRequestHandleTask</class>
  <method>run</method>
  <thread>343</thread>
  <message>Thread[343] GET /html/script/imas/jquery.breadcrumbs-generator.min.js</message>
</record>
<record>
  <date>2025-07-01T08:41:08.196590100Z</date>
  <millis>1751359268196</millis>
  <nanos>590100</nanos>
  <sequence>386</sequence>
  <logger>itri.sstc.framework.core.httpd.file.FileRequestHandleTask</logger>
  <level>INFO</level>
  <class>itri.sstc.framework.core.httpd.file.FileRequestHandleTask</class>
  <method>run</method>
  <thread>345</thread>
  <message>Thread[345] GET /html/script/imas/select2.zh_TW.js</message>
</record>
<record>
  <date>2025-07-01T08:41:08.208275200Z</date>
  <millis>1751359268208</millis>
  <nanos>275200</nanos>
  <sequence>387</sequence>
  <logger>itri.sstc.framework.core.httpd.file.FileRequestHandleTask</logger>
  <level>INFO</level>
  <class>itri.sstc.framework.core.httpd.file.FileRequestHandleTask</class>
  <method>run</method>
  <thread>346</thread>
  <message>Thread[346] GET /html/script/imas/timepicker.min.js</message>
</record>
<record>
  <date>2025-07-01T08:41:08.209248Z</date>
  <millis>1751359268209</millis>
  <nanos>248000</nanos>
  <sequence>388</sequence>
  <logger>itri.sstc.framework.core.httpd.file.FileRequestHandleTask</logger>
  <level>INFO</level>
  <class>itri.sstc.framework.core.httpd.file.FileRequestHandleTask</class>
  <method>run</method>
  <thread>347</thread>
  <message>Thread[347] GET /html/script/imas/bootstrap3-typeahead.min.js</message>
</record>
<record>
  <date>2025-07-01T08:41:08.212168100Z</date>
  <millis>1751359268212</millis>
  <nanos>168100</nanos>
  <sequence>389</sequence>
  <logger>itri.sstc.framework.core.httpd.file.FileRequestHandleTask</logger>
  <level>INFO</level>
  <class>itri.sstc.framework.core.httpd.file.FileRequestHandleTask</class>
  <method>run</method>
  <thread>348</thread>
  <message>Thread[348] GET /html/script/imas/bootstrap-tagsinput.min.js</message>
</record>
<record>
  <date>2025-07-01T08:41:08.215088100Z</date>
  <millis>1751359268215</millis>
  <nanos>88100</nanos>
  <sequence>390</sequence>
  <logger>itri.sstc.framework.core.httpd.file.FileRequestHandleTask</logger>
  <level>INFO</level>
  <class>itri.sstc.framework.core.httpd.file.FileRequestHandleTask</class>
  <method>run</method>
  <thread>349</thread>
  <message>Thread[349] GET /html/script/imas/jquery-dropdown-datepicker.min.js</message>
</record>
<record>
  <date>2025-07-01T08:41:08.228398300Z</date>
  <millis>1751359268228</millis>
  <nanos>398300</nanos>
  <sequence>391</sequence>
  <logger>itri.sstc.framework.core.httpd.file.FileRequestHandleTask</logger>
  <level>INFO</level>
  <class>itri.sstc.framework.core.httpd.file.FileRequestHandleTask</class>
  <method>run</method>
  <thread>350</thread>
  <message>Thread[350] GET /html/script/imas/widget/jszip.min.js</message>
</record>
<record>
  <date>2025-07-01T08:41:08.232294500Z</date>
  <millis>1751359268232</millis>
  <nanos>294500</nanos>
  <sequence>392</sequence>
  <logger>itri.sstc.framework.core.httpd.file.FileRequestHandleTask</logger>
  <level>INFO</level>
  <class>itri.sstc.framework.core.httpd.file.FileRequestHandleTask</class>
  <method>run</method>
  <thread>353</thread>
  <message>Thread[353] GET /html/script/imas/widget/appointment.js</message>
</record>
<record>
  <date>2025-07-01T08:41:08.232294500Z</date>
  <millis>1751359268232</millis>
  <nanos>294500</nanos>
  <sequence>394</sequence>
  <logger>itri.sstc.framework.core.httpd.file.FileRequestHandleTask</logger>
  <level>INFO</level>
  <class>itri.sstc.framework.core.httpd.file.FileRequestHandleTask</class>
  <method>run</method>
  <thread>354</thread>
  <message>Thread[354] GET /html/script/wg.template.js</message>
</record>
<record>
  <date>2025-07-01T08:41:08.232294500Z</date>
  <millis>1751359268232</millis>
  <nanos>294500</nanos>
  <sequence>393</sequence>
  <logger>itri.sstc.framework.core.httpd.file.FileRequestHandleTask</logger>
  <level>INFO</level>
  <class>itri.sstc.framework.core.httpd.file.FileRequestHandleTask</class>
  <method>run</method>
  <thread>352</thread>
  <message>Thread[352] GET /html/script/imas/chatroom.js</message>
</record>
<record>
  <date>2025-07-01T08:41:08.237161600Z</date>
  <millis>1751359268237</millis>
  <nanos>161600</nanos>
  <sequence>395</sequence>
  <logger>itri.sstc.framework.core.httpd.file.FileRequestHandleTask</logger>
  <level>INFO</level>
  <class>itri.sstc.framework.core.httpd.file.FileRequestHandleTask</class>
  <method>run</method>
  <thread>351</thread>
  <message>Thread[351] GET /html/script/imas/widget/FileSaver.min.js</message>
</record>
<record>
  <date>2025-07-01T08:41:08.247868Z</date>
  <millis>1751359268247</millis>
  <nanos>868000</nanos>
  <sequence>396</sequence>
  <logger>itri.sstc.framework.core.httpd.file.FileRequestHandleTask</logger>
  <level>INFO</level>
  <class>itri.sstc.framework.core.httpd.file.FileRequestHandleTask</class>
  <method>run</method>
  <thread>356</thread>
  <message>Thread[356] GET /html/script/imas/contextMenu.min.js</message>
</record>
<record>
  <date>2025-07-01T08:41:08.247868Z</date>
  <millis>1751359268247</millis>
  <nanos>868000</nanos>
  <sequence>397</sequence>
  <logger>itri.sstc.framework.core.httpd.file.FileRequestHandleTask</logger>
  <level>INFO</level>
  <class>itri.sstc.framework.core.httpd.file.FileRequestHandleTask</class>
  <method>run</method>
  <thread>355</thread>
  <message>Thread[355] GET /html/script/wg.evalForm.js</message>
</record>
<record>
  <date>2025-07-01T08:41:08.291669100Z</date>
  <millis>1751359268291</millis>
  <nanos>669100</nanos>
  <sequence>398</sequence>
  <logger>itri.sstc.framework.core.httpd.file.FileRequestHandleTask</logger>
  <level>INFO</level>
  <class>itri.sstc.framework.core.httpd.file.FileRequestHandleTask</class>
  <method>run</method>
  <thread>358</thread>
  <message>Thread[358] GET /html/images/imas/role/doctor.png</message>
</record>
<record>
  <date>2025-07-01T08:41:08.291669100Z</date>
  <millis>1751359268291</millis>
  <nanos>669100</nanos>
  <sequence>400</sequence>
  <logger>itri.sstc.framework.core.httpd.file.FileRequestHandleTask</logger>
  <level>INFO</level>
  <class>itri.sstc.framework.core.httpd.file.FileRequestHandleTask</class>
  <method>run</method>
  <thread>357</thread>
  <message>Thread[357] GET /html/script/imas/ui.position.js</message>
</record>
<record>
  <date>2025-07-01T08:41:08.291669100Z</date>
  <millis>1751359268291</millis>
  <nanos>669100</nanos>
  <sequence>399</sequence>
  <logger>itri.sstc.framework.core.httpd.file.FileRequestHandleTask</logger>
  <level>INFO</level>
  <class>itri.sstc.framework.core.httpd.file.FileRequestHandleTask</class>
  <method>run</method>
  <thread>359</thread>
  <message>Thread[359] GET /html/script/imas/moment.min.js.map</message>
</record>
<record>
  <date>2025-07-01T08:41:08.295562500Z</date>
  <millis>1751359268295</millis>
  <nanos>562500</nanos>
  <sequence>401</sequence>
  <logger>itri.sstc.framework.core.httpd.file.FileRequestHandleTask</logger>
  <level>INFO</level>
  <class>itri.sstc.framework.core.httpd.file.FileRequestHandleTask</class>
  <method>run</method>
  <thread>360</thread>
  <message>Thread[360] GET /html/script/imas/jquery.timepicker.min.js.map</message>
</record>
<record>
  <date>2025-07-01T08:41:08.295562500Z</date>
  <millis>1751359268295</millis>
  <nanos>562500</nanos>
  <sequence>402</sequence>
  <logger>itri.sstc.framework.core.httpd.file.FileRequestHandleTask</logger>
  <level>INFO</level>
  <class>itri.sstc.framework.core.httpd.file.FileRequestHandleTask</class>
  <method>run</method>
  <thread>361</thread>
  <message>Thread[361] GET /html/script/imas/bootstrap-tagsinput.min.js.map</message>
</record>
<record>
  <date>2025-07-01T08:41:08.330353700Z</date>
  <millis>1751359268330</millis>
  <nanos>353700</nanos>
  <sequence>403</sequence>
  <logger>itri.sstc.framework.core.httpd.file.FileRequestHandleTask</logger>
  <level>INFO</level>
  <class>itri.sstc.framework.core.httpd.file.FileRequestHandleTask</class>
  <method>run</method>
  <thread>362</thread>
  <message>Thread[362] GET /html/images/imas/role/doctorFemale.png</message>
</record>
<record>
  <date>2025-07-01T08:41:08.330353700Z</date>
  <millis>1751359268330</millis>
  <nanos>353700</nanos>
  <sequence>404</sequence>
  <logger>itri.sstc.framework.core.httpd.file.FileRequestHandleTask</logger>
  <level>INFO</level>
  <class>itri.sstc.framework.core.httpd.file.FileRequestHandleTask</class>
  <method>run</method>
  <thread>363</thread>
  <message>Thread[363] GET /html/script/imas/widget/FileSaver.min.js.map</message>
</record>
<record>
  <date>2025-07-01T08:41:08.334543Z</date>
  <millis>1751359268334</millis>
  <nanos>543000</nanos>
  <sequence>405</sequence>
  <logger>itri.sstc.framework.core.httpd.file.FileRequestHandleTask</logger>
  <level>INFO</level>
  <class>itri.sstc.framework.core.httpd.file.FileRequestHandleTask</class>
  <method>run</method>
  <thread>364</thread>
  <message>Thread[364] GET /html/script/imas/jquery.contextMenu.min.js.map</message>
</record>
<record>
  <date>2025-07-01T08:41:08.344275900Z</date>
  <millis>1751359268344</millis>
  <nanos>275900</nanos>
  <sequence>406</sequence>
  <logger>itri.sstc.framework.core.httpd.file.FileRequestHandleTask</logger>
  <level>INFO</level>
  <class>itri.sstc.framework.core.httpd.file.FileRequestHandleTask</class>
  <method>run</method>
  <thread>365</thread>
  <message>Thread[365] GET /html/images/imas/logo/itri.png</message>
</record>
<record>
  <date>2025-07-01T08:41:08.402207900Z</date>
  <millis>1751359268402</millis>
  <nanos>207900</nanos>
  <sequence>407</sequence>
  <logger>itri.sstc.framework.core.httpd.file.FileRequestHandleTask</logger>
  <level>INFO</level>
  <class>itri.sstc.framework.core.httpd.file.FileRequestHandleTask</class>
  <method>run</method>
  <thread>366</thread>
  <message>Thread[366] GET /html/style/imas/jquery.contextMenu.min.css.map</message>
</record>
<record>
  <date>2025-07-01T08:41:08.402207900Z</date>
  <millis>1751359268402</millis>
  <nanos>207900</nanos>
  <sequence>408</sequence>
  <logger>itri.sstc.framework.core.httpd.file.FileRequestHandleTask</logger>
  <level>INFO</level>
  <class>itri.sstc.framework.core.httpd.file.FileRequestHandleTask</class>
  <method>run</method>
  <thread>367</thread>
  <message>Thread[367] GET /html/style/woundInfo/bootstrap-datepicker3.min.css.map</message>
</record>
<record>
  <date>2025-07-01T08:41:08.414535600Z</date>
  <millis>1751359268414</millis>
  <nanos>535600</nanos>
  <sequence>409</sequence>
  <logger>itri.sstc.framework.core.api.RESTfulAPI</logger>
  <level>INFO</level>
  <class>itri.sstc.framework.core.api.RESTfulAPI</class>
  <method>log</method>
  <thread>368</thread>
  <message>"/Training/api/" Call API listPlan</message>
</record>
<record>
  <date>2025-07-01T08:41:08.891846800Z</date>
  <millis>1751359268891</millis>
  <nanos>846800</nanos>
  <sequence>410</sequence>
  <logger>itri.sstc.framework.core.httpd.file.FileRequestHandleTask</logger>
  <level>INFO</level>
  <class>itri.sstc.framework.core.httpd.file.FileRequestHandleTask</class>
  <method>run</method>
  <thread>369</thread>
  <message>Thread[369] GET /html/style/fonts-6.1.1/fa-solid-900.woff2</message>
</record>
<record>
  <date>2025-07-01T08:41:11.424361600Z</date>
  <millis>1751359271424</millis>
  <nanos>361600</nanos>
  <sequence>411</sequence>
  <logger>itri.sstc.freemarker.core.RequestHandler</logger>
  <level>INFO</level>
  <class>itri.sstc.freemarker.core.RequestHandler</class>
  <method>getTemplateData</method>
  <thread>48</thread>
  <message>[imas/admin/taskMgnt/appointment/msg/chooseMessage]</message>
</record>
<record>
  <date>2025-07-01T08:41:11.425364500Z</date>
  <millis>1751359271425</millis>
  <nanos>364500</nanos>
  <sequence>412</sequence>
  <logger>itri.sstc.freemarker.core.RequestHandler</logger>
  <level>INFO</level>
  <class>itri.sstc.freemarker.core.RequestHandler</class>
  <method>getTemplateData</method>
  <thread>48</thread>
  <message>加入全域變數</message>
</record>
<record>
  <date>2025-07-01T08:41:11.431123Z</date>
  <millis>1751359271431</millis>
  <nanos>123000</nanos>
  <sequence>413</sequence>
  <logger>itri.sstc.freemarker.core.RequestHandler</logger>
  <level>INFO</level>
  <class>itri.sstc.freemarker.core.RequestHandler</class>
  <method>render</method>
  <thread>48</thread>
  <message>FTL Process time: 7ms</message>
</record>
<record>
  <date>2025-07-01T08:41:12.946156300Z</date>
  <millis>1751359272946</millis>
  <nanos>156300</nanos>
  <sequence>414</sequence>
  <logger>itri.sstc.freemarker.core.RequestHandler</logger>
  <level>INFO</level>
  <class>itri.sstc.freemarker.core.RequestHandler</class>
  <method>getTemplateData</method>
  <thread>48</thread>
  <message>[imas/admin/taskMgnt/appointment]</message>
</record>
<record>
  <date>2025-07-01T08:41:12.946156300Z</date>
  <millis>1751359272946</millis>
  <nanos>156300</nanos>
  <sequence>415</sequence>
  <logger>itri.sstc.freemarker.core.RequestHandler</logger>
  <level>INFO</level>
  <class>itri.sstc.freemarker.core.RequestHandler</class>
  <method>getTemplateData</method>
  <thread>48</thread>
  <message>加入全域變數</message>
</record>
<record>
  <date>2025-07-01T08:41:12.951712500Z</date>
  <millis>1751359272951</millis>
  <nanos>712500</nanos>
  <sequence>416</sequence>
  <logger>itri.sstc.freemarker.core.RequestHandler</logger>
  <level>INFO</level>
  <class>itri.sstc.freemarker.core.RequestHandler</class>
  <method>render</method>
  <thread>48</thread>
  <message>FTL Process time: 5ms</message>
</record>
<record>
  <date>2025-07-01T08:41:12.963894Z</date>
  <millis>1751359272963</millis>
  <nanos>894000</nanos>
  <sequence>417</sequence>
  <logger>itri.sstc.framework.core.api.RESTfulAPI</logger>
  <level>INFO</level>
  <class>itri.sstc.framework.core.api.RESTfulAPI</class>
  <method>log</method>
  <thread>370</thread>
  <message>"/WgAvailableSlots/api/" Call API qry</message>
</record>
<record>
  <date>2025-07-01T08:41:28.756377800Z</date>
  <millis>1751359288756</millis>
  <nanos>377800</nanos>
  <sequence>418</sequence>
  <logger>itri.sstc.freemarker.core.RequestHandler</logger>
  <level>INFO</level>
  <class>itri.sstc.freemarker.core.RequestHandler</class>
  <method>getTemplateData</method>
  <thread>48</thread>
  <message>[imas/admin/taskMgnt/appointment]</message>
</record>
<record>
  <date>2025-07-01T08:41:28.756377800Z</date>
  <millis>1751359288756</millis>
  <nanos>377800</nanos>
  <sequence>419</sequence>
  <logger>itri.sstc.freemarker.core.RequestHandler</logger>
  <level>INFO</level>
  <class>itri.sstc.freemarker.core.RequestHandler</class>
  <method>getTemplateData</method>
  <thread>48</thread>
  <message>加入全域變數</message>
</record>
<record>
  <date>2025-07-01T08:41:28.760908100Z</date>
  <millis>1751359288760</millis>
  <nanos>908100</nanos>
  <sequence>420</sequence>
  <logger>itri.sstc.freemarker.core.RequestHandler</logger>
  <level>INFO</level>
  <class>itri.sstc.freemarker.core.RequestHandler</class>
  <method>render</method>
  <thread>48</thread>
  <message>FTL Process time: 4ms</message>
</record>
<record>
  <date>2025-07-01T08:41:28.767508600Z</date>
  <millis>1751359288767</millis>
  <nanos>508600</nanos>
  <sequence>421</sequence>
  <logger>itri.sstc.framework.core.api.RESTfulAPI</logger>
  <level>INFO</level>
  <class>itri.sstc.framework.core.api.RESTfulAPI</class>
  <method>log</method>
  <thread>371</thread>
  <message>"/WgAvailableSlots/api/" Call API qry</message>
</record>
<record>
  <date>2025-07-01T08:53:11.214901300Z</date>
  <millis>1751359991214</millis>
  <nanos>901300</nanos>
  <sequence>422</sequence>
  <logger>itri.sstc.freemarker.core.RequestHandler</logger>
  <level>INFO</level>
  <class>itri.sstc.freemarker.core.RequestHandler</class>
  <method>getTemplateData</method>
  <thread>48</thread>
  <message>[casetraining/caseDashboard]</message>
</record>
<record>
  <date>2025-07-01T08:53:11.215875600Z</date>
  <millis>1751359991215</millis>
  <nanos>875600</nanos>
  <sequence>423</sequence>
  <logger>itri.sstc.freemarker.core.RequestHandler</logger>
  <level>INFO</level>
  <class>itri.sstc.freemarker.core.RequestHandler</class>
  <method>getTemplateData</method>
  <thread>48</thread>
  <message>加入全域變數</message>
</record>
<record>
  <date>2025-07-01T08:53:11.656814400Z</date>
  <millis>1751359991656</millis>
  <nanos>814400</nanos>
  <sequence>424</sequence>
  <logger>itri.sstc.freemarker.core.RequestHandler</logger>
  <level>INFO</level>
  <class>itri.sstc.freemarker.core.RequestHandler</class>
  <method>render</method>
  <thread>48</thread>
  <message>FTL Process time: 442ms</message>
</record>
<record>
  <date>2025-07-01T08:53:11.669846600Z</date>
  <millis>1751359991669</millis>
  <nanos>846600</nanos>
  <sequence>425</sequence>
  <logger>itri.sstc.framework.core.httpd.file.FileRequestHandleTask</logger>
  <level>INFO</level>
  <class>itri.sstc.framework.core.httpd.file.FileRequestHandleTask</class>
  <method>run</method>
  <thread>372</thread>
  <message>Thread[372] GET /html/script/imas/utility.js</message>
</record>
<record>
  <date>2025-07-01T08:53:11.671931600Z</date>
  <millis>1751359991671</millis>
  <nanos>931600</nanos>
  <sequence>426</sequence>
  <logger>itri.sstc.framework.core.httpd.file.FileRequestHandleTask</logger>
  <level>INFO</level>
  <class>itri.sstc.framework.core.httpd.file.FileRequestHandleTask</class>
  <method>run</method>
  <thread>373</thread>
  <message>Thread[373] GET /html/script/wg.template.js</message>
</record>
<record>
  <date>2025-07-01T08:53:11.671931600Z</date>
  <millis>1751359991671</millis>
  <nanos>931600</nanos>
  <sequence>427</sequence>
  <logger>itri.sstc.framework.core.httpd.file.FileRequestHandleTask</logger>
  <level>INFO</level>
  <class>itri.sstc.framework.core.httpd.file.FileRequestHandleTask</class>
  <method>run</method>
  <thread>374</thread>
  <message>Thread[374] GET /html/script/wg.evalForm.js</message>
</record>
<record>
  <date>2025-07-01T08:53:11.724344300Z</date>
  <millis>1751359991724</millis>
  <nanos>344300</nanos>
  <sequence>428</sequence>
  <logger>itri.sstc.framework.core.httpd.file.FileRequestHandleTask</logger>
  <level>INFO</level>
  <class>itri.sstc.framework.core.httpd.file.FileRequestHandleTask</class>
  <method>run</method>
  <thread>375</thread>
  <message>Thread[375] GET /html/script/imas/moment.min.js.map</message>
</record>
<record>
  <date>2025-07-01T08:53:12.049490300Z</date>
  <millis>1751359992049</millis>
  <nanos>490300</nanos>
  <sequence>429</sequence>
  <logger>itri.sstc.framework.core.httpd.file.FileRequestHandleTask</logger>
  <level>INFO</level>
  <class>itri.sstc.framework.core.httpd.file.FileRequestHandleTask</class>
  <method>run</method>
  <thread>376</thread>
  <message>Thread[376] GET /html/script/imas/jquery.timepicker.min.js.map</message>
</record>
<record>
  <date>2025-07-01T08:53:12.049490300Z</date>
  <millis>1751359992049</millis>
  <nanos>490300</nanos>
  <sequence>430</sequence>
  <logger>itri.sstc.framework.core.httpd.file.FileRequestHandleTask</logger>
  <level>INFO</level>
  <class>itri.sstc.framework.core.httpd.file.FileRequestHandleTask</class>
  <method>run</method>
  <thread>377</thread>
  <message>Thread[377] GET /html/script/imas/bootstrap-tagsinput.min.js.map</message>
</record>
<record>
  <date>2025-07-01T08:53:12.049490300Z</date>
  <millis>1751359992049</millis>
  <nanos>490300</nanos>
  <sequence>431</sequence>
  <logger>itri.sstc.framework.core.httpd.file.FileRequestHandleTask</logger>
  <level>INFO</level>
  <class>itri.sstc.framework.core.httpd.file.FileRequestHandleTask</class>
  <method>run</method>
  <thread>378</thread>
  <message>Thread[378] GET /html/script/imas/widget/FileSaver.min.js.map</message>
</record>
<record>
  <date>2025-07-01T08:53:12.052185100Z</date>
  <millis>1751359992052</millis>
  <nanos>185100</nanos>
  <sequence>432</sequence>
  <logger>itri.sstc.framework.core.httpd.file.FileRequestHandleTask</logger>
  <level>INFO</level>
  <class>itri.sstc.framework.core.httpd.file.FileRequestHandleTask</class>
  <method>run</method>
  <thread>379</thread>
  <message>Thread[379] GET /html/script/imas/jquery.contextMenu.min.js.map</message>
</record>
<record>
  <date>2025-07-01T08:53:12.067315200Z</date>
  <millis>1751359992067</millis>
  <nanos>315200</nanos>
  <sequence>433</sequence>
  <logger>itri.sstc.framework.core.httpd.file.FileRequestHandleTask</logger>
  <level>INFO</level>
  <class>itri.sstc.framework.core.httpd.file.FileRequestHandleTask</class>
  <method>run</method>
  <thread>380</thread>
  <message>Thread[380] GET /html/style/imas/jquery.contextMenu.min.css.map</message>
</record>
<record>
  <date>2025-07-01T08:53:12.067315200Z</date>
  <millis>1751359992067</millis>
  <nanos>315200</nanos>
  <sequence>434</sequence>
  <logger>itri.sstc.framework.core.httpd.file.FileRequestHandleTask</logger>
  <level>INFO</level>
  <class>itri.sstc.framework.core.httpd.file.FileRequestHandleTask</class>
  <method>run</method>
  <thread>381</thread>
  <message>Thread[381] GET /html/style/woundInfo/bootstrap-datepicker3.min.css.map</message>
</record>
<record>
  <date>2025-07-01T08:53:12.089658500Z</date>
  <millis>1751359992089</millis>
  <nanos>658500</nanos>
  <sequence>435</sequence>
  <logger>itri.sstc.framework.core.api.RESTfulAPI</logger>
  <level>INFO</level>
  <class>itri.sstc.framework.core.api.RESTfulAPI</class>
  <method>log</method>
  <thread>382</thread>
  <message>"/Training/api/" Call API listPlan</message>
</record>
<record>
  <date>2025-07-01T08:53:13.172691900Z</date>
  <millis>1751359993172</millis>
  <nanos>691900</nanos>
  <sequence>436</sequence>
  <logger>itri.sstc.freemarker.core.RequestHandler</logger>
  <level>INFO</level>
  <class>itri.sstc.freemarker.core.RequestHandler</class>
  <method>getTemplateData</method>
  <thread>48</thread>
  <message>[casetraining/caseDashboard]</message>
</record>
<record>
  <date>2025-07-01T08:53:13.172691900Z</date>
  <millis>1751359993172</millis>
  <nanos>691900</nanos>
  <sequence>437</sequence>
  <logger>itri.sstc.freemarker.core.RequestHandler</logger>
  <level>INFO</level>
  <class>itri.sstc.freemarker.core.RequestHandler</class>
  <method>getTemplateData</method>
  <thread>48</thread>
  <message>加入全域變數</message>
</record>
<record>
  <date>2025-07-01T08:53:13.580865100Z</date>
  <millis>1751359993580</millis>
  <nanos>865100</nanos>
  <sequence>438</sequence>
  <logger>itri.sstc.freemarker.core.RequestHandler</logger>
  <level>INFO</level>
  <class>itri.sstc.freemarker.core.RequestHandler</class>
  <method>render</method>
  <thread>48</thread>
  <message>FTL Process time: 408ms</message>
</record>
<record>
  <date>2025-07-01T08:53:13.594147900Z</date>
  <millis>1751359993594</millis>
  <nanos>147900</nanos>
  <sequence>439</sequence>
  <logger>itri.sstc.framework.core.httpd.file.FileRequestHandleTask</logger>
  <level>INFO</level>
  <class>itri.sstc.framework.core.httpd.file.FileRequestHandleTask</class>
  <method>run</method>
  <thread>383</thread>
  <message>Thread[383] GET /html/script/imas/utility.js</message>
</record>
<record>
  <date>2025-07-01T08:53:13.599013900Z</date>
  <millis>1751359993599</millis>
  <nanos>13900</nanos>
  <sequence>441</sequence>
  <logger>itri.sstc.framework.core.httpd.file.FileRequestHandleTask</logger>
  <level>INFO</level>
  <class>itri.sstc.framework.core.httpd.file.FileRequestHandleTask</class>
  <method>run</method>
  <thread>385</thread>
  <message>Thread[385] GET /html/script/wg.evalForm.js</message>
</record>
<record>
  <date>2025-07-01T08:53:13.599013900Z</date>
  <millis>1751359993599</millis>
  <nanos>13900</nanos>
  <sequence>440</sequence>
  <logger>itri.sstc.framework.core.httpd.file.FileRequestHandleTask</logger>
  <level>INFO</level>
  <class>itri.sstc.framework.core.httpd.file.FileRequestHandleTask</class>
  <method>run</method>
  <thread>384</thread>
  <message>Thread[384] GET /html/script/wg.template.js</message>
</record>
<record>
  <date>2025-07-01T08:53:13.660453200Z</date>
  <millis>1751359993660</millis>
  <nanos>453200</nanos>
  <sequence>442</sequence>
  <logger>itri.sstc.framework.core.httpd.file.FileRequestHandleTask</logger>
  <level>INFO</level>
  <class>itri.sstc.framework.core.httpd.file.FileRequestHandleTask</class>
  <method>run</method>
  <thread>387</thread>
  <message>Thread[387] GET /html/script/imas/jquery.timepicker.min.js.map</message>
</record>
<record>
  <date>2025-07-01T08:53:13.660453200Z</date>
  <millis>1751359993660</millis>
  <nanos>453200</nanos>
  <sequence>443</sequence>
  <logger>itri.sstc.framework.core.httpd.file.FileRequestHandleTask</logger>
  <level>INFO</level>
  <class>itri.sstc.framework.core.httpd.file.FileRequestHandleTask</class>
  <method>run</method>
  <thread>386</thread>
  <message>Thread[386] GET /html/script/imas/moment.min.js.map</message>
</record>
<record>
  <date>2025-07-01T08:53:13.661569600Z</date>
  <millis>1751359993661</millis>
  <nanos>569600</nanos>
  <sequence>444</sequence>
  <logger>itri.sstc.framework.core.httpd.file.FileRequestHandleTask</logger>
  <level>INFO</level>
  <class>itri.sstc.framework.core.httpd.file.FileRequestHandleTask</class>
  <method>run</method>
  <thread>388</thread>
  <message>Thread[388] GET /html/script/imas/bootstrap-tagsinput.min.js.map</message>
</record>
<record>
  <date>2025-07-01T08:53:13.661569600Z</date>
  <millis>1751359993661</millis>
  <nanos>569600</nanos>
  <sequence>445</sequence>
  <logger>itri.sstc.framework.core.httpd.file.FileRequestHandleTask</logger>
  <level>INFO</level>
  <class>itri.sstc.framework.core.httpd.file.FileRequestHandleTask</class>
  <method>run</method>
  <thread>389</thread>
  <message>Thread[389] GET /html/script/imas/widget/FileSaver.min.js.map</message>
</record>
<record>
  <date>2025-07-01T08:53:13.697534400Z</date>
  <millis>1751359993697</millis>
  <nanos>534400</nanos>
  <sequence>446</sequence>
  <logger>itri.sstc.framework.core.httpd.file.FileRequestHandleTask</logger>
  <level>INFO</level>
  <class>itri.sstc.framework.core.httpd.file.FileRequestHandleTask</class>
  <method>run</method>
  <thread>390</thread>
  <message>Thread[390] GET /html/script/imas/jquery.contextMenu.min.js.map</message>
</record>
<record>
  <date>2025-07-01T08:53:13.700455500Z</date>
  <millis>1751359993700</millis>
  <nanos>455500</nanos>
  <sequence>447</sequence>
  <logger>itri.sstc.framework.core.httpd.file.FileRequestHandleTask</logger>
  <level>INFO</level>
  <class>itri.sstc.framework.core.httpd.file.FileRequestHandleTask</class>
  <method>run</method>
  <thread>391</thread>
  <message>Thread[391] GET /html/style/imas/jquery.contextMenu.min.css.map</message>
</record>
<record>
  <date>2025-07-01T08:53:13.701427100Z</date>
  <millis>1751359993701</millis>
  <nanos>427100</nanos>
  <sequence>448</sequence>
  <logger>itri.sstc.framework.core.httpd.file.FileRequestHandleTask</logger>
  <level>INFO</level>
  <class>itri.sstc.framework.core.httpd.file.FileRequestHandleTask</class>
  <method>run</method>
  <thread>392</thread>
  <message>Thread[392] GET /html/style/woundInfo/bootstrap-datepicker3.min.css.map</message>
</record>
<record>
  <date>2025-07-01T08:53:13.708971500Z</date>
  <millis>1751359993708</millis>
  <nanos>971500</nanos>
  <sequence>449</sequence>
  <logger>itri.sstc.framework.core.api.RESTfulAPI</logger>
  <level>INFO</level>
  <class>itri.sstc.framework.core.api.RESTfulAPI</class>
  <method>log</method>
  <thread>393</thread>
  <message>"/Training/api/" Call API listPlan</message>
</record>
<record>
  <date>2025-07-01T08:53:16.532063400Z</date>
  <millis>1751359996532</millis>
  <nanos>63400</nanos>
  <sequence>450</sequence>
  <logger>itri.sstc.freemarker.core.RequestHandler</logger>
  <level>INFO</level>
  <class>itri.sstc.freemarker.core.RequestHandler</class>
  <method>getTemplateData</method>
  <thread>48</thread>
  <message>[imas/admin/taskMgnt/appointment/msg/chooseMessage]</message>
</record>
<record>
  <date>2025-07-01T08:53:16.532063400Z</date>
  <millis>1751359996532</millis>
  <nanos>63400</nanos>
  <sequence>451</sequence>
  <logger>itri.sstc.freemarker.core.RequestHandler</logger>
  <level>INFO</level>
  <class>itri.sstc.freemarker.core.RequestHandler</class>
  <method>getTemplateData</method>
  <thread>48</thread>
  <message>加入全域變數</message>
</record>
<record>
  <date>2025-07-01T08:53:16.535186Z</date>
  <millis>1751359996535</millis>
  <nanos>186000</nanos>
  <sequence>452</sequence>
  <logger>itri.sstc.freemarker.core.RequestHandler</logger>
  <level>INFO</level>
  <class>itri.sstc.freemarker.core.RequestHandler</class>
  <method>render</method>
  <thread>48</thread>
  <message>FTL Process time: 3ms</message>
</record>
<record>
  <date>2025-07-01T08:53:17.943219700Z</date>
  <millis>1751359997943</millis>
  <nanos>219700</nanos>
  <sequence>453</sequence>
  <logger>itri.sstc.freemarker.core.RequestHandler</logger>
  <level>INFO</level>
  <class>itri.sstc.freemarker.core.RequestHandler</class>
  <method>getTemplateData</method>
  <thread>48</thread>
  <message>[imas/admin/taskMgnt/appointment]</message>
</record>
<record>
  <date>2025-07-01T08:53:17.943219700Z</date>
  <millis>1751359997943</millis>
  <nanos>219700</nanos>
  <sequence>454</sequence>
  <logger>itri.sstc.freemarker.core.RequestHandler</logger>
  <level>INFO</level>
  <class>itri.sstc.freemarker.core.RequestHandler</class>
  <method>getTemplateData</method>
  <thread>48</thread>
  <message>加入全域變數</message>
</record>
<record>
  <date>2025-07-01T08:53:17.947294900Z</date>
  <millis>1751359997947</millis>
  <nanos>294900</nanos>
  <sequence>455</sequence>
  <logger>itri.sstc.freemarker.core.RequestHandler</logger>
  <level>INFO</level>
  <class>itri.sstc.freemarker.core.RequestHandler</class>
  <method>render</method>
  <thread>48</thread>
  <message>FTL Process time: 4ms</message>
</record>
<record>
  <date>2025-07-01T08:53:17.953657Z</date>
  <millis>1751359997953</millis>
  <nanos>657000</nanos>
  <sequence>456</sequence>
  <logger>itri.sstc.framework.core.api.RESTfulAPI</logger>
  <level>INFO</level>
  <class>itri.sstc.framework.core.api.RESTfulAPI</class>
  <method>log</method>
  <thread>394</thread>
  <message>"/WgAvailableSlots/api/" Call API qry</message>
</record>
<record>
  <date>2025-07-01T08:53:24.514489700Z</date>
  <millis>1751360004514</millis>
  <nanos>489700</nanos>
  <sequence>457</sequence>
  <logger>itri.sstc.freemarker.core.RequestHandler</logger>
  <level>INFO</level>
  <class>itri.sstc.freemarker.core.RequestHandler</class>
  <method>getTemplateData</method>
  <thread>48</thread>
  <message>[imas/admin/taskMgnt/appointment]</message>
</record>
<record>
  <date>2025-07-01T08:53:24.514489700Z</date>
  <millis>1751360004514</millis>
  <nanos>489700</nanos>
  <sequence>458</sequence>
  <logger>itri.sstc.freemarker.core.RequestHandler</logger>
  <level>INFO</level>
  <class>itri.sstc.freemarker.core.RequestHandler</class>
  <method>getTemplateData</method>
  <thread>48</thread>
  <message>加入全域變數</message>
</record>
<record>
  <date>2025-07-01T08:53:24.519555200Z</date>
  <millis>1751360004519</millis>
  <nanos>555200</nanos>
  <sequence>459</sequence>
  <logger>itri.sstc.freemarker.core.RequestHandler</logger>
  <level>INFO</level>
  <class>itri.sstc.freemarker.core.RequestHandler</class>
  <method>render</method>
  <thread>48</thread>
  <message>FTL Process time: 5ms</message>
</record>
<record>
  <date>2025-07-01T08:53:24.527101Z</date>
  <millis>1751360004527</millis>
  <nanos>101000</nanos>
  <sequence>460</sequence>
  <logger>itri.sstc.framework.core.api.RESTfulAPI</logger>
  <level>INFO</level>
  <class>itri.sstc.framework.core.api.RESTfulAPI</class>
  <method>log</method>
  <thread>395</thread>
  <message>"/WgAvailableSlots/api/" Call API qry</message>
</record>
<record>
  <date>2025-07-01T08:53:25.969843400Z</date>
  <millis>1751360005969</millis>
  <nanos>843400</nanos>
  <sequence>461</sequence>
  <logger>itri.sstc.freemarker.core.RequestHandler</logger>
  <level>INFO</level>
  <class>itri.sstc.freemarker.core.RequestHandler</class>
  <method>getTemplateData</method>
  <thread>48</thread>
  <message>[imas/admin/taskMgnt/appointment]</message>
</record>
<record>
  <date>2025-07-01T08:53:25.970899200Z</date>
  <millis>1751360005970</millis>
  <nanos>899200</nanos>
  <sequence>462</sequence>
  <logger>itri.sstc.freemarker.core.RequestHandler</logger>
  <level>INFO</level>
  <class>itri.sstc.freemarker.core.RequestHandler</class>
  <method>getTemplateData</method>
  <thread>48</thread>
  <message>加入全域變數</message>
</record>
<record>
  <date>2025-07-01T08:53:25.973017500Z</date>
  <millis>1751360005973</millis>
  <nanos>17500</nanos>
  <sequence>463</sequence>
  <logger>itri.sstc.freemarker.core.RequestHandler</logger>
  <level>INFO</level>
  <class>itri.sstc.freemarker.core.RequestHandler</class>
  <method>render</method>
  <thread>48</thread>
  <message>FTL Process time: 4ms</message>
</record>
<record>
  <date>2025-07-01T08:53:25.981922700Z</date>
  <millis>1751360005981</millis>
  <nanos>922700</nanos>
  <sequence>464</sequence>
  <logger>itri.sstc.framework.core.api.RESTfulAPI</logger>
  <level>INFO</level>
  <class>itri.sstc.framework.core.api.RESTfulAPI</class>
  <method>log</method>
  <thread>396</thread>
  <message>"/WgAvailableSlots/api/" Call API qry</message>
</record>
<record>
  <date>2025-07-01T09:03:22.035864600Z</date>
  <millis>1751360602035</millis>
  <nanos>864600</nanos>
  <sequence>465</sequence>
  <logger>itri.sstc.freemarker.core.RequestHandler</logger>
  <level>INFO</level>
  <class>itri.sstc.freemarker.core.RequestHandler</class>
  <method>getTemplateData</method>
  <thread>48</thread>
  <message>[imas/admin/taskMgnt/appointment]</message>
</record>
<record>
  <date>2025-07-01T09:03:22.035864600Z</date>
  <millis>1751360602035</millis>
  <nanos>864600</nanos>
  <sequence>466</sequence>
  <logger>itri.sstc.freemarker.core.RequestHandler</logger>
  <level>INFO</level>
  <class>itri.sstc.freemarker.core.RequestHandler</class>
  <method>getTemplateData</method>
  <thread>48</thread>
  <message>加入全域變數</message>
</record>
<record>
  <date>2025-07-01T09:03:22.041601700Z</date>
  <millis>1751360602041</millis>
  <nanos>601700</nanos>
  <sequence>467</sequence>
  <logger>itri.sstc.freemarker.core.RequestHandler</logger>
  <level>INFO</level>
  <class>itri.sstc.freemarker.core.RequestHandler</class>
  <method>render</method>
  <thread>48</thread>
  <message>FTL Process time: 6ms</message>
</record>
<record>
  <date>2025-07-01T09:03:22.055095700Z</date>
  <millis>1751360602055</millis>
  <nanos>95700</nanos>
  <sequence>468</sequence>
  <logger>itri.sstc.framework.core.api.RESTfulAPI</logger>
  <level>INFO</level>
  <class>itri.sstc.framework.core.api.RESTfulAPI</class>
  <method>log</method>
  <thread>397</thread>
  <message>"/WgAvailableSlots/api/" Call API qry</message>
</record>
<record>
  <date>2025-07-02T00:49:38.953543900Z</date>
  <millis>1751417378953</millis>
  <nanos>543900</nanos>
  <sequence>469</sequence>
  <logger>itri.sstc.framework.core.httpd.session.HttpSessionManager</logger>
  <level>INFO</level>
  <class>itri.sstc.framework.core.httpd.session.HttpSessionManager</class>
  <method>createSession</method>
  <thread>48</thread>
  <message>Create session SESSION_6d401152-ee21-4fe9-a096-a653e20c41b0 for /ftl/imas/admin/taskMgnt/appointment/msg/chooseMessage</message>
</record>
<record>
  <date>2025-07-02T00:49:38.954869500Z</date>
  <millis>1751417378954</millis>
  <nanos>869500</nanos>
  <sequence>470</sequence>
  <logger>itri.sstc.framework.core.httpd.HttpService</logger>
  <level>INFO</level>
  <class>itri.sstc.framework.core.httpd.HttpService</class>
  <method>log</method>
  <thread>48</thread>
  <message>Create new Session: SESSION_6d401152-ee21-4fe9-a096-a653e20c41b0</message>
</record>
<record>
  <date>2025-07-02T00:49:38.954869500Z</date>
  <millis>1751417378954</millis>
  <nanos>869500</nanos>
  <sequence>471</sequence>
  <logger>itri.sstc.freemarker.core.RequestHandler</logger>
  <level>INFO</level>
  <class>itri.sstc.freemarker.core.RequestHandler</class>
  <method>getTemplateData</method>
  <thread>48</thread>
  <message>[imas/admin/taskMgnt/appointment/msg/chooseMessage]</message>
</record>
<record>
  <date>2025-07-02T00:49:38.954869500Z</date>
  <millis>1751417378954</millis>
  <nanos>869500</nanos>
  <sequence>472</sequence>
  <logger>itri.sstc.freemarker.core.RequestHandler</logger>
  <level>INFO</level>
  <class>itri.sstc.freemarker.core.RequestHandler</class>
  <method>getTemplateData</method>
  <thread>48</thread>
  <message>加入全域變數</message>
</record>
<record>
  <date>2025-07-02T00:49:38.956042200Z</date>
  <millis>1751417378956</millis>
  <nanos>42200</nanos>
  <sequence>473</sequence>
  <logger>itri.sstc.freemarker.core.RequestHandler</logger>
  <level>WARNING</level>
  <class>itri.sstc.freemarker.core.RequestHandler</class>
  <method>render</method>
  <thread>48</thread>
  <message>File not found: Template not found for URL: imas/admin/taskMgnt/appointment/msg/chooseMessage</message>
</record>
<record>
  <date>2025-07-02T00:49:38.956042200Z</date>
  <millis>1751417378956</millis>
  <nanos>42200</nanos>
  <sequence>474</sequence>
  <logger>itri.sstc.framework.core.api.RESTfulAPI</logger>
  <level>SEVERE</level>
  <class>itri.sstc.freemarker.httpd.FreemarkerAPI</class>
  <method>handle</method>
  <thread>48</thread>
  <message>headers already sent</message>
</record>
<record>
  <date>2025-07-02T00:49:38.957027800Z</date>
  <millis>1751417378957</millis>
  <nanos>27800</nanos>
  <sequence>475</sequence>
  <logger>itri.sstc.framework.core.httpd.session.HttpSessionManager</logger>
  <level>INFO</level>
  <class>itri.sstc.framework.core.httpd.session.HttpSessionManager</class>
  <method>createSession</method>
  <thread>48</thread>
  <message>Create session SESSION_efee528d-84e6-41f4-b70d-4306f9f91b9c for /ftl/imas/admin/taskMgnt/appointment/msg/chooseMessage</message>
</record>
<record>
  <date>2025-07-02T00:49:38.957027800Z</date>
  <millis>1751417378957</millis>
  <nanos>27800</nanos>
  <sequence>476</sequence>
  <logger>itri.sstc.framework.core.httpd.HttpService</logger>
  <level>INFO</level>
  <class>itri.sstc.framework.core.httpd.HttpService</class>
  <method>log</method>
  <thread>48</thread>
  <message>Create new Session: SESSION_efee528d-84e6-41f4-b70d-4306f9f91b9c</message>
</record>
<record>
  <date>2025-07-02T00:49:38.958000900Z</date>
  <millis>1751417378958</millis>
  <nanos>900</nanos>
  <sequence>477</sequence>
  <logger>itri.sstc.freemarker.core.RequestHandler</logger>
  <level>INFO</level>
  <class>itri.sstc.freemarker.core.RequestHandler</class>
  <method>getTemplateData</method>
  <thread>48</thread>
  <message>[imas/admin/taskMgnt/appointment/msg/chooseMessage]</message>
</record>
<record>
  <date>2025-07-02T00:49:38.958000900Z</date>
  <millis>1751417378958</millis>
  <nanos>900</nanos>
  <sequence>478</sequence>
  <logger>itri.sstc.freemarker.core.RequestHandler</logger>
  <level>INFO</level>
  <class>itri.sstc.freemarker.core.RequestHandler</class>
  <method>getTemplateData</method>
  <thread>48</thread>
  <message>加入全域變數</message>
</record>
<record>
  <date>2025-07-02T00:49:38.959131Z</date>
  <millis>1751417378959</millis>
  <nanos>131000</nanos>
  <sequence>479</sequence>
  <logger>itri.sstc.freemarker.core.RequestHandler</logger>
  <level>WARNING</level>
  <class>itri.sstc.freemarker.core.RequestHandler</class>
  <method>render</method>
  <thread>48</thread>
  <message>File not found: Template not found for URL: imas/admin/taskMgnt/appointment/msg/chooseMessage</message>
</record>
<record>
  <date>2025-07-02T00:49:38.959131Z</date>
  <millis>1751417378959</millis>
  <nanos>131000</nanos>
  <sequence>480</sequence>
  <logger>itri.sstc.framework.core.api.RESTfulAPI</logger>
  <level>SEVERE</level>
  <class>itri.sstc.freemarker.httpd.FreemarkerAPI</class>
  <method>handle</method>
  <thread>48</thread>
  <message>headers already sent</message>
</record>
<record>
  <date>2025-07-02T00:49:38.960276800Z</date>
  <millis>1751417378960</millis>
  <nanos>276800</nanos>
  <sequence>481</sequence>
  <logger>itri.sstc.freemarker.core.RequestHandler</logger>
  <level>INFO</level>
  <class>itri.sstc.freemarker.core.RequestHandler</class>
  <method>getTemplateData</method>
  <thread>48</thread>
  <message>[imas/login]</message>
</record>
<record>
  <date>2025-07-02T00:49:38.960276800Z</date>
  <millis>1751417378960</millis>
  <nanos>276800</nanos>
  <sequence>482</sequence>
  <logger>itri.sstc.freemarker.core.RequestHandler</logger>
  <level>INFO</level>
  <class>itri.sstc.freemarker.core.RequestHandler</class>
  <method>getTemplateData</method>
  <thread>48</thread>
  <message>加入全域變數</message>
</record>
<record>
  <date>2025-07-02T00:49:38.965755600Z</date>
  <millis>1751417378965</millis>
  <nanos>755600</nanos>
  <sequence>483</sequence>
  <logger>itri.sstc.freemarker.core.RequestHandler</logger>
  <level>INFO</level>
  <class>itri.sstc.freemarker.core.RequestHandler</class>
  <method>render</method>
  <thread>48</thread>
  <message>FTL Process time: 5ms</message>
</record>
<record>
  <date>2025-07-02T00:49:38.967822700Z</date>
  <millis>1751417378967</millis>
  <nanos>822700</nanos>
  <sequence>484</sequence>
  <logger>itri.sstc.freemarker.core.RequestHandler</logger>
  <level>INFO</level>
  <class>itri.sstc.freemarker.core.RequestHandler</class>
  <method>getTemplateData</method>
  <thread>48</thread>
  <message>[imas/login]</message>
</record>
<record>
  <date>2025-07-02T00:49:38.967822700Z</date>
  <millis>1751417378967</millis>
  <nanos>822700</nanos>
  <sequence>485</sequence>
  <logger>itri.sstc.freemarker.core.RequestHandler</logger>
  <level>INFO</level>
  <class>itri.sstc.freemarker.core.RequestHandler</class>
  <method>getTemplateData</method>
  <thread>48</thread>
  <message>加入全域變數</message>
</record>
<record>
  <date>2025-07-02T00:49:38.973534700Z</date>
  <millis>1751417378973</millis>
  <nanos>534700</nanos>
  <sequence>486</sequence>
  <logger>itri.sstc.freemarker.core.RequestHandler</logger>
  <level>INFO</level>
  <class>itri.sstc.freemarker.core.RequestHandler</class>
  <method>render</method>
  <thread>48</thread>
  <message>FTL Process time: 6ms</message>
</record>
<record>
  <date>2025-07-02T00:49:38.976586800Z</date>
  <millis>1751417378976</millis>
  <nanos>586800</nanos>
  <sequence>487</sequence>
  <logger>itri.sstc.framework.core.api.RESTfulAPI</logger>
  <level>INFO</level>
  <class>itri.sstc.framework.core.api.RESTfulAPI</class>
  <method>log</method>
  <thread>398</thread>
  <message>"/security/api/" Call API captcha</message>
</record>
<record>
  <date>2025-07-02T03:44:56.795074900Z</date>
  <millis>1751427896795</millis>
  <nanos>74900</nanos>
  <sequence>488</sequence>
  <logger>itri.sstc.framework.core.httpd.session.HttpSessionManager</logger>
  <level>INFO</level>
  <class>itri.sstc.framework.core.httpd.session.HttpSessionManager</class>
  <method>createSession</method>
  <thread>48</thread>
  <message>Create session SESSION_eee6c0d6-7367-4e3c-a924-40e68194d3b0 for /ftl/imas</message>
</record>
<record>
  <date>2025-07-02T03:44:56.800345100Z</date>
  <millis>1751427896800</millis>
  <nanos>345100</nanos>
  <sequence>489</sequence>
  <logger>itri.sstc.framework.core.httpd.HttpService</logger>
  <level>INFO</level>
  <class>itri.sstc.framework.core.httpd.HttpService</class>
  <method>log</method>
  <thread>48</thread>
  <message>Create new Session: SESSION_eee6c0d6-7367-4e3c-a924-40e68194d3b0</message>
</record>
<record>
  <date>2025-07-02T03:44:56.802575900Z</date>
  <millis>1751427896802</millis>
  <nanos>575900</nanos>
  <sequence>490</sequence>
  <logger>itri.sstc.freemarker.core.RequestHandler</logger>
  <level>INFO</level>
  <class>itri.sstc.freemarker.core.RequestHandler</class>
  <method>getTemplateData</method>
  <thread>48</thread>
  <message>[imas]</message>
</record>
<record>
  <date>2025-07-02T03:44:56.803716700Z</date>
  <millis>1751427896803</millis>
  <nanos>716700</nanos>
  <sequence>491</sequence>
  <logger>itri.sstc.freemarker.core.RequestHandler</logger>
  <level>INFO</level>
  <class>itri.sstc.freemarker.core.RequestHandler</class>
  <method>getTemplateData</method>
  <thread>48</thread>
  <message>加入全域變數</message>
</record>
<record>
  <date>2025-07-02T03:44:56.807937200Z</date>
  <millis>1751427896807</millis>
  <nanos>937200</nanos>
  <sequence>492</sequence>
  <logger>itri.sstc.freemarker.core.RequestHandler</logger>
  <level>WARNING</level>
  <class>itri.sstc.freemarker.core.RequestHandler</class>
  <method>render</method>
  <thread>48</thread>
  <message>File not found: Template not found for URL: imas</message>
</record>
<record>
  <date>2025-07-02T03:44:56.807937200Z</date>
  <millis>1751427896807</millis>
  <nanos>937200</nanos>
  <sequence>493</sequence>
  <logger>itri.sstc.framework.core.api.RESTfulAPI</logger>
  <level>SEVERE</level>
  <class>itri.sstc.freemarker.httpd.FreemarkerAPI</class>
  <method>handle</method>
  <thread>48</thread>
  <message>headers already sent</message>
</record>
<record>
  <date>2025-07-02T03:44:56.810068200Z</date>
  <millis>1751427896810</millis>
  <nanos>68200</nanos>
  <sequence>494</sequence>
  <logger>itri.sstc.freemarker.core.RequestHandler</logger>
  <level>INFO</level>
  <class>itri.sstc.freemarker.core.RequestHandler</class>
  <method>getTemplateData</method>
  <thread>48</thread>
  <message>[imas/login]</message>
</record>
<record>
  <date>2025-07-02T03:44:56.811036900Z</date>
  <millis>1751427896811</millis>
  <nanos>36900</nanos>
  <sequence>495</sequence>
  <logger>itri.sstc.freemarker.core.RequestHandler</logger>
  <level>INFO</level>
  <class>itri.sstc.freemarker.core.RequestHandler</class>
  <method>getTemplateData</method>
  <thread>48</thread>
  <message>加入全域變數</message>
</record>
<record>
  <date>2025-07-02T03:44:56.821350600Z</date>
  <millis>1751427896821</millis>
  <nanos>350600</nanos>
  <sequence>496</sequence>
  <logger>itri.sstc.freemarker.core.RequestHandler</logger>
  <level>INFO</level>
  <class>itri.sstc.freemarker.core.RequestHandler</class>
  <method>render</method>
  <thread>48</thread>
  <message>FTL Process time: 11ms</message>
</record>
<record>
  <date>2025-07-02T03:44:56.836506900Z</date>
  <millis>1751427896836</millis>
  <nanos>506900</nanos>
  <sequence>498</sequence>
  <logger>itri.sstc.framework.core.httpd.file.FileRequestHandleTask</logger>
  <level>INFO</level>
  <class>itri.sstc.framework.core.httpd.file.FileRequestHandleTask</class>
  <method>run</method>
  <thread>400</thread>
  <message>Thread[400] GET /html/style/font-awesome-4.3.0/font-awesome.min.css</message>
</record>
<record>
  <date>2025-07-02T03:44:56.836506900Z</date>
  <millis>1751427896836</millis>
  <nanos>506900</nanos>
  <sequence>499</sequence>
  <logger>itri.sstc.framework.core.httpd.file.FileRequestHandleTask</logger>
  <level>INFO</level>
  <class>itri.sstc.framework.core.httpd.file.FileRequestHandleTask</class>
  <method>run</method>
  <thread>401</thread>
  <message>Thread[401] GET /html/style/ionicons/ionicons.min.css</message>
</record>
<record>
  <date>2025-07-02T03:44:56.836506900Z</date>
  <millis>1751427896836</millis>
  <nanos>506900</nanos>
  <sequence>497</sequence>
  <logger>itri.sstc.framework.core.httpd.file.FileRequestHandleTask</logger>
  <level>INFO</level>
  <class>itri.sstc.framework.core.httpd.file.FileRequestHandleTask</class>
  <method>run</method>
  <thread>399</thread>
  <message>Thread[399] GET /html/AdminLTE/plugins/jQuery/jQuery-2.2.0.min.js</message>
</record>
<record>
  <date>2025-07-02T03:44:56.853860100Z</date>
  <millis>1751427896853</millis>
  <nanos>860100</nanos>
  <sequence>500</sequence>
  <logger>itri.sstc.framework.core.httpd.file.FileRequestHandleTask</logger>
  <level>INFO</level>
  <class>itri.sstc.framework.core.httpd.file.FileRequestHandleTask</class>
  <method>run</method>
  <thread>402</thread>
  <message>Thread[402] GET /html/AdminLTE/dist/css/AdminLTE.css</message>
</record>
<record>
  <date>2025-07-02T03:44:56.860163700Z</date>
  <millis>1751427896860</millis>
  <nanos>163700</nanos>
  <sequence>501</sequence>
  <logger>itri.sstc.framework.core.httpd.file.FileRequestHandleTask</logger>
  <level>INFO</level>
  <class>itri.sstc.framework.core.httpd.file.FileRequestHandleTask</class>
  <method>run</method>
  <thread>403</thread>
  <message>Thread[403] GET /html/AdminLTE/dist/css/skins/_all-skins.min.css</message>
</record>
<record>
  <date>2025-07-02T03:44:56.873456600Z</date>
  <millis>1751427896873</millis>
  <nanos>456600</nanos>
  <sequence>502</sequence>
  <logger>itri.sstc.framework.core.httpd.file.FileRequestHandleTask</logger>
  <level>INFO</level>
  <class>itri.sstc.framework.core.httpd.file.FileRequestHandleTask</class>
  <method>run</method>
  <thread>404</thread>
  <message>Thread[404] GET /html/AdminLTE/plugins/iCheck/all.css</message>
</record>
<record>
  <date>2025-07-02T03:44:56.882858Z</date>
  <millis>1751427896882</millis>
  <nanos>858000</nanos>
  <sequence>503</sequence>
  <logger>itri.sstc.framework.core.httpd.file.FileRequestHandleTask</logger>
  <level>INFO</level>
  <class>itri.sstc.framework.core.httpd.file.FileRequestHandleTask</class>
  <method>run</method>
  <thread>405</thread>
  <message>Thread[405] GET /html/AdminLTE/plugins/morris/morris.css</message>
</record>
<record>
  <date>2025-07-02T03:44:56.884040700Z</date>
  <millis>1751427896884</millis>
  <nanos>40700</nanos>
  <sequence>504</sequence>
  <logger>itri.sstc.framework.core.httpd.file.FileRequestHandleTask</logger>
  <level>INFO</level>
  <class>itri.sstc.framework.core.httpd.file.FileRequestHandleTask</class>
  <method>run</method>
  <thread>406</thread>
  <message>Thread[406] GET /html/AdminLTE/plugins/jvectormap/jquery-jvectormap-1.2.2.css</message>
</record>
<record>
  <date>2025-07-02T03:44:56.884040700Z</date>
  <millis>1751427896884</millis>
  <nanos>40700</nanos>
  <sequence>505</sequence>
  <logger>itri.sstc.framework.core.httpd.file.FileRequestHandleTask</logger>
  <level>INFO</level>
  <class>itri.sstc.framework.core.httpd.file.FileRequestHandleTask</class>
  <method>run</method>
  <thread>407</thread>
  <message>Thread[407] GET /html/AdminLTE/plugins/daterangepicker/daterangepicker-bs3.css</message>
</record>
<record>
  <date>2025-07-02T03:44:56.892507900Z</date>
  <millis>1751427896892</millis>
  <nanos>507900</nanos>
  <sequence>506</sequence>
  <logger>itri.sstc.framework.core.httpd.file.FileRequestHandleTask</logger>
  <level>INFO</level>
  <class>itri.sstc.framework.core.httpd.file.FileRequestHandleTask</class>
  <method>run</method>
  <thread>408</thread>
  <message>Thread[408] GET /html/AdminLTE/plugins/bootstrap-wysihtml5/bootstrap3-wysihtml5.min.css</message>
</record>
<record>
  <date>2025-07-02T03:44:56.892507900Z</date>
  <millis>1751427896892</millis>
  <nanos>507900</nanos>
  <sequence>507</sequence>
  <logger>itri.sstc.framework.core.httpd.file.FileRequestHandleTask</logger>
  <level>INFO</level>
  <class>itri.sstc.framework.core.httpd.file.FileRequestHandleTask</class>
  <method>run</method>
  <thread>409</thread>
  <message>Thread[409] GET /html/AdminLTE/plugins/iCheck/square/blue.css</message>
</record>
<record>
  <date>2025-07-02T03:44:56.894742800Z</date>
  <millis>1751427896894</millis>
  <nanos>742800</nanos>
  <sequence>508</sequence>
  <logger>itri.sstc.framework.core.httpd.file.FileRequestHandleTask</logger>
  <level>INFO</level>
  <class>itri.sstc.framework.core.httpd.file.FileRequestHandleTask</class>
  <method>run</method>
  <thread>410</thread>
  <message>Thread[410] GET /html/AdminLTE/plugins/jQueryUI/jquery-ui-1.11.4.css</message>
</record>
<record>
  <date>2025-07-02T03:44:56.899176400Z</date>
  <millis>1751427896899</millis>
  <nanos>176400</nanos>
  <sequence>509</sequence>
  <logger>itri.sstc.framework.core.httpd.file.FileRequestHandleTask</logger>
  <level>INFO</level>
  <class>itri.sstc.framework.core.httpd.file.FileRequestHandleTask</class>
  <method>run</method>
  <thread>411</thread>
  <message>Thread[411] GET /html/script/timepicker/jquery-ui-timepicker-addon.min.css</message>
</record>
<record>
  <date>2025-07-02T03:44:56.900236900Z</date>
  <millis>1751427896900</millis>
  <nanos>236900</nanos>
  <sequence>510</sequence>
  <logger>itri.sstc.framework.core.httpd.file.FileRequestHandleTask</logger>
  <level>INFO</level>
  <class>itri.sstc.framework.core.httpd.file.FileRequestHandleTask</class>
  <method>run</method>
  <thread>412</thread>
  <message>Thread[412] GET /html/script/jquery-multiselect/jquery.multiselect.css</message>
</record>
<record>
  <date>2025-07-02T03:44:56.908131900Z</date>
  <millis>1751427896908</millis>
  <nanos>131900</nanos>
  <sequence>511</sequence>
  <logger>itri.sstc.framework.core.httpd.file.FileRequestHandleTask</logger>
  <level>INFO</level>
  <class>itri.sstc.framework.core.httpd.file.FileRequestHandleTask</class>
  <method>run</method>
  <thread>413</thread>
  <message>Thread[413] GET /html/script/jquery-multiselect/jquery.multiselect.filter.css</message>
</record>
<record>
  <date>2025-07-02T03:44:56.909117800Z</date>
  <millis>1751427896909</millis>
  <nanos>117800</nanos>
  <sequence>512</sequence>
  <logger>itri.sstc.framework.core.httpd.file.FileRequestHandleTask</logger>
  <level>INFO</level>
  <class>itri.sstc.framework.core.httpd.file.FileRequestHandleTask</class>
  <method>run</method>
  <thread>414</thread>
  <message>Thread[414] GET /html/AdminLTE/bootstrap/css/bootstrap.min.css</message>
</record>
<record>
  <date>2025-07-02T03:44:56.909117800Z</date>
  <millis>1751427896909</millis>
  <nanos>117800</nanos>
  <sequence>513</sequence>
  <logger>itri.sstc.framework.core.httpd.file.FileRequestHandleTask</logger>
  <level>INFO</level>
  <class>itri.sstc.framework.core.httpd.file.FileRequestHandleTask</class>
  <method>run</method>
  <thread>415</thread>
  <message>Thread[415] GET /html/script/fullcalendar/fullcalendar.css</message>
</record>
<record>
  <date>2025-07-02T03:44:56.914079200Z</date>
  <millis>1751427896914</millis>
  <nanos>79200</nanos>
  <sequence>514</sequence>
  <logger>itri.sstc.framework.core.httpd.file.FileRequestHandleTask</logger>
  <level>INFO</level>
  <class>itri.sstc.framework.core.httpd.file.FileRequestHandleTask</class>
  <method>run</method>
  <thread>416</thread>
  <message>Thread[416] GET /html/AdminLTE/plugins/colorpicker/bootstrap-colorpicker.min.css</message>
</record>
<record>
  <date>2025-07-02T03:44:56.917465400Z</date>
  <millis>1751427896917</millis>
  <nanos>465400</nanos>
  <sequence>515</sequence>
  <logger>itri.sstc.framework.core.httpd.file.FileRequestHandleTask</logger>
  <level>INFO</level>
  <class>itri.sstc.framework.core.httpd.file.FileRequestHandleTask</class>
  <method>run</method>
  <thread>417</thread>
  <message>Thread[417] GET /html/script/jquery-file-upload/jquery.fileupload.css</message>
</record>
<record>
  <date>2025-07-02T03:44:56.922793400Z</date>
  <millis>1751427896922</millis>
  <nanos>793400</nanos>
  <sequence>516</sequence>
  <logger>itri.sstc.framework.core.httpd.file.FileRequestHandleTask</logger>
  <level>INFO</level>
  <class>itri.sstc.framework.core.httpd.file.FileRequestHandleTask</class>
  <method>run</method>
  <thread>418</thread>
  <message>Thread[418] GET /html/AdminLTE/plugins/datatables/jquery.dataTables.css</message>
</record>
<record>
  <date>2025-07-02T03:44:56.925893500Z</date>
  <millis>1751427896925</millis>
  <nanos>893500</nanos>
  <sequence>517</sequence>
  <logger>itri.sstc.framework.core.httpd.file.FileRequestHandleTask</logger>
  <level>INFO</level>
  <class>itri.sstc.framework.core.httpd.file.FileRequestHandleTask</class>
  <method>run</method>
  <thread>419</thread>
  <message>Thread[419] GET /html/style/showcase.css</message>
</record>
<record>
  <date>2025-07-02T03:44:56.925893500Z</date>
  <millis>1751427896925</millis>
  <nanos>893500</nanos>
  <sequence>518</sequence>
  <logger>itri.sstc.framework.core.httpd.file.FileRequestHandleTask</logger>
  <level>INFO</level>
  <class>itri.sstc.framework.core.httpd.file.FileRequestHandleTask</class>
  <method>run</method>
  <thread>420</thread>
  <message>Thread[420] GET /html/style/style.css</message>
</record>
<record>
  <date>2025-07-02T03:44:56.931309600Z</date>
  <millis>1751427896931</millis>
  <nanos>309600</nanos>
  <sequence>519</sequence>
  <logger>itri.sstc.framework.core.httpd.file.FileRequestHandleTask</logger>
  <level>INFO</level>
  <class>itri.sstc.framework.core.httpd.file.FileRequestHandleTask</class>
  <method>run</method>
  <thread>421</thread>
  <message>Thread[421] GET /html/style/imas/user/justify.css</message>
</record>
<record>
  <date>2025-07-02T03:44:56.931309600Z</date>
  <millis>1751427896931</millis>
  <nanos>309600</nanos>
  <sequence>520</sequence>
  <logger>itri.sstc.framework.core.httpd.file.FileRequestHandleTask</logger>
  <level>INFO</level>
  <class>itri.sstc.framework.core.httpd.file.FileRequestHandleTask</class>
  <method>run</method>
  <thread>422</thread>
  <message>Thread[422] GET /html/script/jquery-loadmask/loadmask.css</message>
</record>
<record>
  <date>2025-07-02T03:44:56.938916500Z</date>
  <millis>1751427896938</millis>
  <nanos>916500</nanos>
  <sequence>521</sequence>
  <logger>itri.sstc.framework.core.httpd.file.FileRequestHandleTask</logger>
  <level>INFO</level>
  <class>itri.sstc.framework.core.httpd.file.FileRequestHandleTask</class>
  <method>run</method>
  <thread>423</thread>
  <message>Thread[423] GET /html/style/employee.css</message>
</record>
<record>
  <date>2025-07-02T03:44:56.938916500Z</date>
  <millis>1751427896938</millis>
  <nanos>916500</nanos>
  <sequence>522</sequence>
  <logger>itri.sstc.framework.core.httpd.file.FileRequestHandleTask</logger>
  <level>INFO</level>
  <class>itri.sstc.framework.core.httpd.file.FileRequestHandleTask</class>
  <method>run</method>
  <thread>424</thread>
  <message>Thread[424] GET /html/script/jquery-timepicker/jquery.timepicker.css</message>
</record>
<record>
  <date>2025-07-02T03:44:56.938916500Z</date>
  <millis>1751427896938</millis>
  <nanos>916500</nanos>
  <sequence>523</sequence>
  <logger>itri.sstc.framework.core.httpd.file.FileRequestHandleTask</logger>
  <level>INFO</level>
  <class>itri.sstc.framework.core.httpd.file.FileRequestHandleTask</class>
  <method>run</method>
  <thread>425</thread>
  <message>Thread[425] GET /html/script/jquery-growl/jquery.growl.css</message>
</record>
<record>
  <date>2025-07-02T03:44:56.945293600Z</date>
  <millis>1751427896945</millis>
  <nanos>293600</nanos>
  <sequence>524</sequence>
  <logger>itri.sstc.framework.core.httpd.file.FileRequestHandleTask</logger>
  <level>INFO</level>
  <class>itri.sstc.framework.core.httpd.file.FileRequestHandleTask</class>
  <method>run</method>
  <thread>426</thread>
  <message>Thread[426] GET /html/script/jquery.ganttView-master/jquery.ganttView.css</message>
</record>
<record>
  <date>2025-07-02T03:44:56.945293600Z</date>
  <millis>1751427896945</millis>
  <nanos>293600</nanos>
  <sequence>525</sequence>
  <logger>itri.sstc.framework.core.httpd.file.FileRequestHandleTask</logger>
  <level>INFO</level>
  <class>itri.sstc.framework.core.httpd.file.FileRequestHandleTask</class>
  <method>run</method>
  <thread>427</thread>
  <message>Thread[427] GET /html/script/jquery-qtip/jquery.qtip.min.css</message>
</record>
<record>
  <date>2025-07-02T03:44:56.946435Z</date>
  <millis>1751427896946</millis>
  <nanos>435000</nanos>
  <sequence>526</sequence>
  <logger>itri.sstc.framework.core.httpd.file.FileRequestHandleTask</logger>
  <level>INFO</level>
  <class>itri.sstc.framework.core.httpd.file.FileRequestHandleTask</class>
  <method>run</method>
  <thread>428</thread>
  <message>Thread[428] GET /html/style/imas/widget/sweetalert.css</message>
</record>
<record>
  <date>2025-07-02T03:44:56.950644200Z</date>
  <millis>1751427896950</millis>
  <nanos>644200</nanos>
  <sequence>527</sequence>
  <logger>itri.sstc.framework.core.httpd.file.FileRequestHandleTask</logger>
  <level>INFO</level>
  <class>itri.sstc.framework.core.httpd.file.FileRequestHandleTask</class>
  <method>run</method>
  <thread>429</thread>
  <message>Thread[429] GET /html/AdminLTE/plugins/iCheck/minimal/_all.css</message>
</record>
<record>
  <date>2025-07-02T03:44:56.952590500Z</date>
  <millis>1751427896952</millis>
  <nanos>590500</nanos>
  <sequence>528</sequence>
  <logger>itri.sstc.framework.core.httpd.file.FileRequestHandleTask</logger>
  <level>INFO</level>
  <class>itri.sstc.framework.core.httpd.file.FileRequestHandleTask</class>
  <method>run</method>
  <thread>430</thread>
  <message>Thread[430] GET /html/AdminLTE/plugins/iCheck/square/_all.css</message>
</record>
<record>
  <date>2025-07-02T03:44:56.954536900Z</date>
  <millis>1751427896954</millis>
  <nanos>536900</nanos>
  <sequence>529</sequence>
  <logger>itri.sstc.framework.core.httpd.file.FileRequestHandleTask</logger>
  <level>INFO</level>
  <class>itri.sstc.framework.core.httpd.file.FileRequestHandleTask</class>
  <method>run</method>
  <thread>431</thread>
  <message>Thread[431] GET /html/AdminLTE/plugins/iCheck/flat/_all.css</message>
</record>
<record>
  <date>2025-07-02T03:44:56.959409100Z</date>
  <millis>1751427896959</millis>
  <nanos>409100</nanos>
  <sequence>530</sequence>
  <logger>itri.sstc.framework.core.httpd.file.FileRequestHandleTask</logger>
  <level>INFO</level>
  <class>itri.sstc.framework.core.httpd.file.FileRequestHandleTask</class>
  <method>run</method>
  <thread>432</thread>
  <message>Thread[432] GET /html/AdminLTE/plugins/iCheck/line/_all.css</message>
</record>
<record>
  <date>2025-07-02T03:44:56.961354500Z</date>
  <millis>1751427896961</millis>
  <nanos>354500</nanos>
  <sequence>531</sequence>
  <logger>itri.sstc.framework.core.httpd.file.FileRequestHandleTask</logger>
  <level>INFO</level>
  <class>itri.sstc.framework.core.httpd.file.FileRequestHandleTask</class>
  <method>run</method>
  <thread>433</thread>
  <message>Thread[433] GET /html/AdminLTE/plugins/iCheck/polaris/polaris.css</message>
</record>
<record>
  <date>2025-07-02T03:44:56.964010500Z</date>
  <millis>1751427896964</millis>
  <nanos>10500</nanos>
  <sequence>532</sequence>
  <logger>itri.sstc.framework.core.httpd.file.FileRequestHandleTask</logger>
  <level>INFO</level>
  <class>itri.sstc.framework.core.httpd.file.FileRequestHandleTask</class>
  <method>run</method>
  <thread>434</thread>
  <message>Thread[434] GET /html/AdminLTE/plugins/iCheck/futurico/futurico.css</message>
</record>
<record>
  <date>2025-07-02T03:44:56.969512600Z</date>
  <millis>1751427896969</millis>
  <nanos>512600</nanos>
  <sequence>533</sequence>
  <logger>itri.sstc.framework.core.httpd.file.FileRequestHandleTask</logger>
  <level>INFO</level>
  <class>itri.sstc.framework.core.httpd.file.FileRequestHandleTask</class>
  <method>run</method>
  <thread>435</thread>
  <message>Thread[435] GET /html/script/timepicker/jquery.ui.datepicker-zh-TW.js</message>
</record>
<record>
  <date>2025-07-02T03:44:56.973064400Z</date>
  <millis>1751427896973</millis>
  <nanos>64400</nanos>
  <sequence>534</sequence>
  <logger>itri.sstc.framework.core.httpd.file.FileRequestHandleTask</logger>
  <level>INFO</level>
  <class>itri.sstc.framework.core.httpd.file.FileRequestHandleTask</class>
  <method>run</method>
  <thread>436</thread>
  <message>Thread[436] GET /html/AdminLTE/plugins/jQueryUI/jquery-ui.js</message>
</record>
<record>
  <date>2025-07-02T03:44:56.973064400Z</date>
  <millis>1751427896973</millis>
  <nanos>64400</nanos>
  <sequence>535</sequence>
  <logger>itri.sstc.framework.core.httpd.file.FileRequestHandleTask</logger>
  <level>INFO</level>
  <class>itri.sstc.framework.core.httpd.file.FileRequestHandleTask</class>
  <method>run</method>
  <thread>437</thread>
  <message>Thread[437] GET /html/script/timepicker/jquery-ui-timepicker-addon.min.js</message>
</record>
<record>
  <date>2025-07-02T03:44:56.977679700Z</date>
  <millis>1751427896977</millis>
  <nanos>679700</nanos>
  <sequence>536</sequence>
  <logger>itri.sstc.framework.core.httpd.file.FileRequestHandleTask</logger>
  <level>INFO</level>
  <class>itri.sstc.framework.core.httpd.file.FileRequestHandleTask</class>
  <method>run</method>
  <thread>438</thread>
  <message>Thread[438] GET /html/script/timepicker/jquery-ui-sliderAccess.js</message>
</record>
<record>
  <date>2025-07-02T03:44:56.987716Z</date>
  <millis>1751427896987</millis>
  <nanos>716000</nanos>
  <sequence>537</sequence>
  <logger>itri.sstc.framework.core.httpd.file.FileRequestHandleTask</logger>
  <level>INFO</level>
  <class>itri.sstc.framework.core.httpd.file.FileRequestHandleTask</class>
  <method>run</method>
  <thread>439</thread>
  <message>Thread[439] GET /html/script/timepicker/jquery-ui-timepicker-zh-TW.js</message>
</record>
<record>
  <date>2025-07-02T03:44:56.987716Z</date>
  <millis>1751427896987</millis>
  <nanos>716000</nanos>
  <sequence>538</sequence>
  <logger>itri.sstc.framework.core.httpd.file.FileRequestHandleTask</logger>
  <level>INFO</level>
  <class>itri.sstc.framework.core.httpd.file.FileRequestHandleTask</class>
  <method>run</method>
  <thread>440</thread>
  <message>Thread[440] GET /html/script/jquery-multiselect/src/jquery.multiselect.min.js</message>
</record>
<record>
  <date>2025-07-02T03:44:56.994437400Z</date>
  <millis>1751427896994</millis>
  <nanos>437400</nanos>
  <sequence>539</sequence>
  <logger>itri.sstc.framework.core.httpd.file.FileRequestHandleTask</logger>
  <level>INFO</level>
  <class>itri.sstc.framework.core.httpd.file.FileRequestHandleTask</class>
  <method>run</method>
  <thread>441</thread>
  <message>Thread[441] GET /html/script/jquery-multiselect/src/jquery.multiselect.filter.js</message>
</record>
<record>
  <date>2025-07-02T03:44:56.997890700Z</date>
  <millis>1751427896997</millis>
  <nanos>890700</nanos>
  <sequence>540</sequence>
  <logger>itri.sstc.framework.core.httpd.file.FileRequestHandleTask</logger>
  <level>INFO</level>
  <class>itri.sstc.framework.core.httpd.file.FileRequestHandleTask</class>
  <method>run</method>
  <thread>442</thread>
  <message>Thread[442] GET /html/AdminLTE/bootstrap/js/bootstrap.min.js</message>
</record>
<record>
  <date>2025-07-02T03:44:57.004352200Z</date>
  <millis>1751427897004</millis>
  <nanos>352200</nanos>
  <sequence>541</sequence>
  <logger>itri.sstc.framework.core.httpd.file.FileRequestHandleTask</logger>
  <level>INFO</level>
  <class>itri.sstc.framework.core.httpd.file.FileRequestHandleTask</class>
  <method>run</method>
  <thread>443</thread>
  <message>Thread[443] GET /html/AdminLTE/plugins/morris/morris.min.js</message>
</record>
<record>
  <date>2025-07-02T03:44:57.020800200Z</date>
  <millis>1751427897020</millis>
  <nanos>800200</nanos>
  <sequence>542</sequence>
  <logger>itri.sstc.framework.core.httpd.file.FileRequestHandleTask</logger>
  <level>INFO</level>
  <class>itri.sstc.framework.core.httpd.file.FileRequestHandleTask</class>
  <method>run</method>
  <thread>444</thread>
  <message>Thread[444] GET /html/AdminLTE/plugins/Chart.js</message>
</record>
<record>
  <date>2025-07-02T03:44:57.027081400Z</date>
  <millis>1751427897027</millis>
  <nanos>81400</nanos>
  <sequence>543</sequence>
  <logger>itri.sstc.framework.core.httpd.file.FileRequestHandleTask</logger>
  <level>INFO</level>
  <class>itri.sstc.framework.core.httpd.file.FileRequestHandleTask</class>
  <method>run</method>
  <thread>445</thread>
  <message>Thread[445] GET /html/AdminLTE/plugins/sparkline/jquery.sparkline.min.js</message>
</record>
<record>
  <date>2025-07-02T03:44:57.036866100Z</date>
  <millis>1751427897036</millis>
  <nanos>866100</nanos>
  <sequence>544</sequence>
  <logger>itri.sstc.framework.core.httpd.file.FileRequestHandleTask</logger>
  <level>INFO</level>
  <class>itri.sstc.framework.core.httpd.file.FileRequestHandleTask</class>
  <method>run</method>
  <thread>446</thread>
  <message>Thread[446] GET /html/AdminLTE/plugins/jvectormap/jquery-jvectormap-1.2.2.min.js</message>
</record>
<record>
  <date>2025-07-02T03:44:57.062071800Z</date>
  <millis>1751427897062</millis>
  <nanos>71800</nanos>
  <sequence>546</sequence>
  <logger>itri.sstc.framework.core.httpd.file.FileRequestHandleTask</logger>
  <level>INFO</level>
  <class>itri.sstc.framework.core.httpd.file.FileRequestHandleTask</class>
  <method>run</method>
  <thread>447</thread>
  <message>Thread[447] GET /html/AdminLTE/plugins/jvectormap/jquery-jvectormap-world-mill-en.js</message>
</record>
<record>
  <date>2025-07-02T03:44:57.062071800Z</date>
  <millis>1751427897062</millis>
  <nanos>71800</nanos>
  <sequence>545</sequence>
  <logger>itri.sstc.framework.core.httpd.file.FileRequestHandleTask</logger>
  <level>INFO</level>
  <class>itri.sstc.framework.core.httpd.file.FileRequestHandleTask</class>
  <method>run</method>
  <thread>448</thread>
  <message>Thread[448] GET /html/AdminLTE/plugins/knob/jquery.knob.js</message>
</record>
<record>
  <date>2025-07-02T03:44:57.083550200Z</date>
  <millis>1751427897083</millis>
  <nanos>550200</nanos>
  <sequence>547</sequence>
  <logger>itri.sstc.framework.core.httpd.file.FileRequestHandleTask</logger>
  <level>INFO</level>
  <class>itri.sstc.framework.core.httpd.file.FileRequestHandleTask</class>
  <method>run</method>
  <thread>450</thread>
  <message>Thread[450] GET /html/AdminLTE/plugins/daterangepicker/daterangepicker.js</message>
</record>
<record>
  <date>2025-07-02T03:44:57.083550200Z</date>
  <millis>1751427897083</millis>
  <nanos>550200</nanos>
  <sequence>548</sequence>
  <logger>itri.sstc.framework.core.httpd.file.FileRequestHandleTask</logger>
  <level>INFO</level>
  <class>itri.sstc.framework.core.httpd.file.FileRequestHandleTask</class>
  <method>run</method>
  <thread>449</thread>
  <message>Thread[449] GET /html/script/moment/moment.min.js</message>
</record>
<record>
  <date>2025-07-02T03:44:57.089651800Z</date>
  <millis>1751427897089</millis>
  <nanos>651800</nanos>
  <sequence>549</sequence>
  <logger>itri.sstc.framework.core.httpd.file.FileRequestHandleTask</logger>
  <level>INFO</level>
  <class>itri.sstc.framework.core.httpd.file.FileRequestHandleTask</class>
  <method>run</method>
  <thread>451</thread>
  <message>Thread[451] GET /html/AdminLTE/plugins/bootstrap-wysihtml5/bootstrap3-wysihtml5.all.min.js</message>
</record>
<record>
  <date>2025-07-02T03:44:57.101773500Z</date>
  <millis>1751427897101</millis>
  <nanos>773500</nanos>
  <sequence>550</sequence>
  <logger>itri.sstc.framework.core.httpd.file.FileRequestHandleTask</logger>
  <level>INFO</level>
  <class>itri.sstc.framework.core.httpd.file.FileRequestHandleTask</class>
  <method>run</method>
  <thread>452</thread>
  <message>Thread[452] GET /html/AdminLTE/plugins/slimScroll/jquery.slimscroll.min.js</message>
</record>
<record>
  <date>2025-07-02T03:44:57.105032400Z</date>
  <millis>1751427897105</millis>
  <nanos>32400</nanos>
  <sequence>551</sequence>
  <logger>itri.sstc.framework.core.httpd.file.FileRequestHandleTask</logger>
  <level>INFO</level>
  <class>itri.sstc.framework.core.httpd.file.FileRequestHandleTask</class>
  <method>run</method>
  <thread>453</thread>
  <message>Thread[453] GET /html/AdminLTE/plugins/iCheck/icheck.min.js</message>
</record>
<record>
  <date>2025-07-02T03:44:57.113642300Z</date>
  <millis>1751427897113</millis>
  <nanos>642300</nanos>
  <sequence>552</sequence>
  <logger>itri.sstc.framework.core.httpd.file.FileRequestHandleTask</logger>
  <level>INFO</level>
  <class>itri.sstc.framework.core.httpd.file.FileRequestHandleTask</class>
  <method>run</method>
  <thread>454</thread>
  <message>Thread[454] GET /html/AdminLTE/plugins/input-mask/jquery.inputmask.js</message>
</record>
<record>
  <date>2025-07-02T03:44:57.117636300Z</date>
  <millis>1751427897117</millis>
  <nanos>636300</nanos>
  <sequence>553</sequence>
  <logger>itri.sstc.framework.core.httpd.file.FileRequestHandleTask</logger>
  <level>INFO</level>
  <class>itri.sstc.framework.core.httpd.file.FileRequestHandleTask</class>
  <method>run</method>
  <thread>455</thread>
  <message>Thread[455] GET /html/AdminLTE/plugins/input-mask/jquery.inputmask.date.extensions.js</message>
</record>
<record>
  <date>2025-07-02T03:44:57.123293100Z</date>
  <millis>1751427897123</millis>
  <nanos>293100</nanos>
  <sequence>554</sequence>
  <logger>itri.sstc.framework.core.httpd.file.FileRequestHandleTask</logger>
  <level>INFO</level>
  <class>itri.sstc.framework.core.httpd.file.FileRequestHandleTask</class>
  <method>run</method>
  <thread>456</thread>
  <message>Thread[456] GET /html/AdminLTE/plugins/input-mask/jquery.inputmask.extensions.js</message>
</record>
<record>
  <date>2025-07-02T03:44:57.134157400Z</date>
  <millis>1751427897134</millis>
  <nanos>157400</nanos>
  <sequence>555</sequence>
  <logger>itri.sstc.framework.core.httpd.file.FileRequestHandleTask</logger>
  <level>INFO</level>
  <class>itri.sstc.framework.core.httpd.file.FileRequestHandleTask</class>
  <method>run</method>
  <thread>457</thread>
  <message>Thread[457] GET /html/script/fullcalendar/fullcalendar.js</message>
</record>
<record>
  <date>2025-07-02T03:44:57.138154300Z</date>
  <millis>1751427897138</millis>
  <nanos>154300</nanos>
  <sequence>556</sequence>
  <logger>itri.sstc.framework.core.httpd.file.FileRequestHandleTask</logger>
  <level>INFO</level>
  <class>itri.sstc.framework.core.httpd.file.FileRequestHandleTask</class>
  <method>run</method>
  <thread>458</thread>
  <message>Thread[458] GET /html/AdminLTE/plugins/colorpicker/bootstrap-colorpicker.min.js</message>
</record>
<record>
  <date>2025-07-02T03:44:57.138154300Z</date>
  <millis>1751427897138</millis>
  <nanos>154300</nanos>
  <sequence>557</sequence>
  <logger>itri.sstc.framework.core.httpd.file.FileRequestHandleTask</logger>
  <level>INFO</level>
  <class>itri.sstc.framework.core.httpd.file.FileRequestHandleTask</class>
  <method>run</method>
  <thread>459</thread>
  <message>Thread[459] GET /html/script/cityArea/cityArea.js</message>
</record>
<record>
  <date>2025-07-02T03:44:57.153485700Z</date>
  <millis>1751427897153</millis>
  <nanos>485700</nanos>
  <sequence>558</sequence>
  <logger>itri.sstc.framework.core.httpd.file.FileRequestHandleTask</logger>
  <level>INFO</level>
  <class>itri.sstc.framework.core.httpd.file.FileRequestHandleTask</class>
  <method>run</method>
  <thread>460</thread>
  <message>Thread[460] GET /html/script/ppm/cloud.js</message>
</record>
<record>
  <date>2025-07-02T03:44:57.153485700Z</date>
  <millis>1751427897153</millis>
  <nanos>485700</nanos>
  <sequence>559</sequence>
  <logger>itri.sstc.framework.core.httpd.file.FileRequestHandleTask</logger>
  <level>INFO</level>
  <class>itri.sstc.framework.core.httpd.file.FileRequestHandleTask</class>
  <method>run</method>
  <thread>461</thread>
  <message>Thread[461] GET /html/script/jquery-file-upload/jquery.iframe-transport.js</message>
</record>
<record>
  <date>2025-07-02T03:44:57.165185700Z</date>
  <millis>1751427897165</millis>
  <nanos>185700</nanos>
  <sequence>560</sequence>
  <logger>itri.sstc.framework.core.httpd.file.FileRequestHandleTask</logger>
  <level>INFO</level>
  <class>itri.sstc.framework.core.httpd.file.FileRequestHandleTask</class>
  <method>run</method>
  <thread>462</thread>
  <message>Thread[462] GET /html/script/jquery-file-upload/jquery.fileupload.js</message>
</record>
<record>
  <date>2025-07-02T03:44:57.172905200Z</date>
  <millis>1751427897172</millis>
  <nanos>905200</nanos>
  <sequence>561</sequence>
  <logger>itri.sstc.framework.core.httpd.file.FileRequestHandleTask</logger>
  <level>INFO</level>
  <class>itri.sstc.framework.core.httpd.file.FileRequestHandleTask</class>
  <method>run</method>
  <thread>464</thread>
  <message>Thread[464] GET /html/AdminLTE/dist/js/demo.js</message>
</record>
<record>
  <date>2025-07-02T03:44:57.174852100Z</date>
  <millis>1751427897174</millis>
  <nanos>852100</nanos>
  <sequence>562</sequence>
  <logger>itri.sstc.framework.core.httpd.file.FileRequestHandleTask</logger>
  <level>INFO</level>
  <class>itri.sstc.framework.core.httpd.file.FileRequestHandleTask</class>
  <method>run</method>
  <thread>463</thread>
  <message>Thread[463] GET /html/AdminLTE/dist/js/app.min.js</message>
</record>
<record>
  <date>2025-07-02T03:44:57.183228200Z</date>
  <millis>1751427897183</millis>
  <nanos>228200</nanos>
  <sequence>563</sequence>
  <logger>itri.sstc.framework.core.httpd.file.FileRequestHandleTask</logger>
  <level>INFO</level>
  <class>itri.sstc.framework.core.httpd.file.FileRequestHandleTask</class>
  <method>run</method>
  <thread>465</thread>
  <message>Thread[465] GET /html/script/mlog.form.js</message>
</record>
<record>
  <date>2025-07-02T03:44:57.189198700Z</date>
  <millis>1751427897189</millis>
  <nanos>198700</nanos>
  <sequence>564</sequence>
  <logger>itri.sstc.framework.core.httpd.file.FileRequestHandleTask</logger>
  <level>INFO</level>
  <class>itri.sstc.framework.core.httpd.file.FileRequestHandleTask</class>
  <method>run</method>
  <thread>466</thread>
  <message>Thread[466] GET /html/script/mlog.calendar.js</message>
</record>
<record>
  <date>2025-07-02T03:44:57.189198700Z</date>
  <millis>1751427897189</millis>
  <nanos>198700</nanos>
  <sequence>565</sequence>
  <logger>itri.sstc.framework.core.httpd.file.FileRequestHandleTask</logger>
  <level>INFO</level>
  <class>itri.sstc.framework.core.httpd.file.FileRequestHandleTask</class>
  <method>run</method>
  <thread>467</thread>
  <message>Thread[467] GET /html/script/mlog.dialog.js</message>
</record>
<record>
  <date>2025-07-02T03:44:57.193305500Z</date>
  <millis>1751427897193</millis>
  <nanos>305500</nanos>
  <sequence>566</sequence>
  <logger>itri.sstc.framework.core.httpd.file.FileRequestHandleTask</logger>
  <level>INFO</level>
  <class>itri.sstc.framework.core.httpd.file.FileRequestHandleTask</class>
  <method>run</method>
  <thread>468</thread>
  <message>Thread[468] GET /html/script/mlog.autocomplete.js</message>
</record>
<record>
  <date>2025-07-02T03:44:57.196969Z</date>
  <millis>1751427897196</millis>
  <nanos>969000</nanos>
  <sequence>567</sequence>
  <logger>itri.sstc.framework.core.httpd.file.FileRequestHandleTask</logger>
  <level>INFO</level>
  <class>itri.sstc.framework.core.httpd.file.FileRequestHandleTask</class>
  <method>run</method>
  <thread>469</thread>
  <message>Thread[469] GET /html/script/mlog.datatable.js</message>
</record>
<record>
  <date>2025-07-02T03:44:57.198020900Z</date>
  <millis>1751427897198</millis>
  <nanos>20900</nanos>
  <sequence>568</sequence>
  <logger>itri.sstc.framework.core.httpd.file.FileRequestHandleTask</logger>
  <level>INFO</level>
  <class>itri.sstc.framework.core.httpd.file.FileRequestHandleTask</class>
  <method>run</method>
  <thread>470</thread>
  <message>Thread[470] GET /html/script/mlog.chart.js</message>
</record>
<record>
  <date>2025-07-02T03:44:57.203198600Z</date>
  <millis>1751427897203</millis>
  <nanos>198600</nanos>
  <sequence>569</sequence>
  <logger>itri.sstc.framework.core.httpd.file.FileRequestHandleTask</logger>
  <level>INFO</level>
  <class>itri.sstc.framework.core.httpd.file.FileRequestHandleTask</class>
  <method>run</method>
  <thread>471</thread>
  <message>Thread[471] GET /html/script/mlog.utils.js</message>
</record>
<record>
  <date>2025-07-02T03:44:57.207715500Z</date>
  <millis>1751427897207</millis>
  <nanos>715500</nanos>
  <sequence>570</sequence>
  <logger>itri.sstc.framework.core.httpd.file.FileRequestHandleTask</logger>
  <level>INFO</level>
  <class>itri.sstc.framework.core.httpd.file.FileRequestHandleTask</class>
  <method>run</method>
  <thread>472</thread>
  <message>Thread[472] GET /html/script/mlog.stat.js</message>
</record>
<record>
  <date>2025-07-02T03:44:57.210105700Z</date>
  <millis>1751427897210</millis>
  <nanos>105700</nanos>
  <sequence>571</sequence>
  <logger>itri.sstc.framework.core.httpd.file.FileRequestHandleTask</logger>
  <level>INFO</level>
  <class>itri.sstc.framework.core.httpd.file.FileRequestHandleTask</class>
  <method>run</method>
  <thread>473</thread>
  <message>Thread[473] GET /html/script/custom.js</message>
</record>
<record>
  <date>2025-07-02T03:44:57.214928200Z</date>
  <millis>1751427897214</millis>
  <nanos>928200</nanos>
  <sequence>572</sequence>
  <logger>itri.sstc.framework.core.httpd.file.FileRequestHandleTask</logger>
  <level>INFO</level>
  <class>itri.sstc.framework.core.httpd.file.FileRequestHandleTask</class>
  <method>run</method>
  <thread>474</thread>
  <message>Thread[474] GET /html/script/mlog.editor.js</message>
</record>
<record>
  <date>2025-07-02T03:44:57.217469300Z</date>
  <millis>1751427897217</millis>
  <nanos>469300</nanos>
  <sequence>573</sequence>
  <logger>itri.sstc.framework.core.httpd.file.FileRequestHandleTask</logger>
  <level>INFO</level>
  <class>itri.sstc.framework.core.httpd.file.FileRequestHandleTask</class>
  <method>run</method>
  <thread>475</thread>
  <message>Thread[475] GET /html/script/kindeditor/kindeditor.js</message>
</record>
<record>
  <date>2025-07-02T03:44:57.220920500Z</date>
  <millis>1751427897220</millis>
  <nanos>920500</nanos>
  <sequence>574</sequence>
  <logger>itri.sstc.framework.core.httpd.file.FileRequestHandleTask</logger>
  <level>INFO</level>
  <class>itri.sstc.framework.core.httpd.file.FileRequestHandleTask</class>
  <method>run</method>
  <thread>476</thread>
  <message>Thread[476] GET /html/AdminLTE/plugins/datatables/jquery.dataTables.min.js</message>
</record>
<record>
  <date>2025-07-02T03:44:57.228320900Z</date>
  <millis>1751427897228</millis>
  <nanos>320900</nanos>
  <sequence>575</sequence>
  <logger>itri.sstc.framework.core.httpd.file.FileRequestHandleTask</logger>
  <level>INFO</level>
  <class>itri.sstc.framework.core.httpd.file.FileRequestHandleTask</class>
  <method>run</method>
  <thread>477</thread>
  <message>Thread[477] GET /html/script/jquery-validation/jquery.validate.js</message>
</record>
<record>
  <date>2025-07-02T03:44:57.250597900Z</date>
  <millis>1751427897250</millis>
  <nanos>597900</nanos>
  <sequence>576</sequence>
  <logger>itri.sstc.framework.core.httpd.file.FileRequestHandleTask</logger>
  <level>INFO</level>
  <class>itri.sstc.framework.core.httpd.file.FileRequestHandleTask</class>
  <method>run</method>
  <thread>478</thread>
  <message>Thread[478] GET /html/script/jquery-validation/jquery.metadata.js</message>
</record>
<record>
  <date>2025-07-02T03:44:57.251848800Z</date>
  <millis>1751427897251</millis>
  <nanos>848800</nanos>
  <sequence>577</sequence>
  <logger>itri.sstc.framework.core.httpd.file.FileRequestHandleTask</logger>
  <level>INFO</level>
  <class>itri.sstc.framework.core.httpd.file.FileRequestHandleTask</class>
  <method>run</method>
  <thread>479</thread>
  <message>Thread[479] GET /html/script/jquery-validation/validate.method.js</message>
</record>
<record>
  <date>2025-07-02T03:44:57.256469400Z</date>
  <millis>1751427897256</millis>
  <nanos>469400</nanos>
  <sequence>578</sequence>
  <logger>itri.sstc.framework.core.httpd.file.FileRequestHandleTask</logger>
  <level>INFO</level>
  <class>itri.sstc.framework.core.httpd.file.FileRequestHandleTask</class>
  <method>run</method>
  <thread>480</thread>
  <message>Thread[480] GET /html/script/jquery-validation/additional-methods.js</message>
</record>
<record>
  <date>2025-07-02T03:44:57.264370100Z</date>
  <millis>1751427897264</millis>
  <nanos>370100</nanos>
  <sequence>579</sequence>
  <logger>itri.sstc.framework.core.httpd.file.FileRequestHandleTask</logger>
  <level>INFO</level>
  <class>itri.sstc.framework.core.httpd.file.FileRequestHandleTask</class>
  <method>run</method>
  <thread>481</thread>
  <message>Thread[481] GET /html/script/jquery-sliderkit/jquery.easing.1.3.min.js</message>
</record>
<record>
  <date>2025-07-02T03:44:57.265343200Z</date>
  <millis>1751427897265</millis>
  <nanos>343200</nanos>
  <sequence>580</sequence>
  <logger>itri.sstc.framework.core.httpd.file.FileRequestHandleTask</logger>
  <level>INFO</level>
  <class>itri.sstc.framework.core.httpd.file.FileRequestHandleTask</class>
  <method>run</method>
  <thread>482</thread>
  <message>Thread[482] GET /html/script/jquery-sliderkit/jquery.mousewheel.min.js</message>
</record>
<record>
  <date>2025-07-02T03:44:57.273278400Z</date>
  <millis>1751427897273</millis>
  <nanos>278400</nanos>
  <sequence>581</sequence>
  <logger>itri.sstc.framework.core.httpd.file.FileRequestHandleTask</logger>
  <level>INFO</level>
  <class>itri.sstc.framework.core.httpd.file.FileRequestHandleTask</class>
  <method>run</method>
  <thread>483</thread>
  <message>Thread[483] GET /html/script/jquery-sliderkit/jquery.sliderkit.1.9.2.pack.js</message>
</record>
<record>
  <date>2025-07-02T03:44:57.276467Z</date>
  <millis>1751427897276</millis>
  <nanos>467000</nanos>
  <sequence>582</sequence>
  <logger>itri.sstc.framework.core.httpd.file.FileRequestHandleTask</logger>
  <level>INFO</level>
  <class>itri.sstc.framework.core.httpd.file.FileRequestHandleTask</class>
  <method>run</method>
  <thread>484</thread>
  <message>Thread[484] GET /html/script/jquery-loadmask/loadmask.js</message>
</record>
<record>
  <date>2025-07-02T03:44:57.277844600Z</date>
  <millis>1751427897277</millis>
  <nanos>844600</nanos>
  <sequence>583</sequence>
  <logger>itri.sstc.framework.core.httpd.file.FileRequestHandleTask</logger>
  <level>INFO</level>
  <class>itri.sstc.framework.core.httpd.file.FileRequestHandleTask</class>
  <method>run</method>
  <thread>485</thread>
  <message>Thread[485] GET /html/script/jquery-growl/jquery.growl.js</message>
</record>
<record>
  <date>2025-07-02T03:44:57.284715700Z</date>
  <millis>1751427897284</millis>
  <nanos>715700</nanos>
  <sequence>584</sequence>
  <logger>itri.sstc.framework.core.httpd.file.FileRequestHandleTask</logger>
  <level>INFO</level>
  <class>itri.sstc.framework.core.httpd.file.FileRequestHandleTask</class>
  <method>run</method>
  <thread>486</thread>
  <message>Thread[486] GET /html/script/jquery-timepicker/jquery.timepicker.min.js</message>
</record>
<record>
  <date>2025-07-02T03:44:57.286927500Z</date>
  <millis>1751427897286</millis>
  <nanos>927500</nanos>
  <sequence>585</sequence>
  <logger>itri.sstc.framework.core.httpd.file.FileRequestHandleTask</logger>
  <level>INFO</level>
  <class>itri.sstc.framework.core.httpd.file.FileRequestHandleTask</class>
  <method>run</method>
  <thread>487</thread>
  <message>Thread[487] GET /html/script/employee.js</message>
</record>
<record>
  <date>2025-07-02T03:44:57.288873400Z</date>
  <millis>1751427897288</millis>
  <nanos>873400</nanos>
  <sequence>586</sequence>
  <logger>itri.sstc.framework.core.httpd.file.FileRequestHandleTask</logger>
  <level>INFO</level>
  <class>itri.sstc.framework.core.httpd.file.FileRequestHandleTask</class>
  <method>run</method>
  <thread>488</thread>
  <message>Thread[488] GET /html/script/wg.template.js</message>
</record>
<record>
  <date>2025-07-02T03:44:57.296563900Z</date>
  <millis>1751427897296</millis>
  <nanos>563900</nanos>
  <sequence>587</sequence>
  <logger>itri.sstc.framework.core.httpd.file.FileRequestHandleTask</logger>
  <level>INFO</level>
  <class>itri.sstc.framework.core.httpd.file.FileRequestHandleTask</class>
  <method>run</method>
  <thread>489</thread>
  <message>Thread[489] GET /html/script/wg.evalForm.js</message>
</record>
<record>
  <date>2025-07-02T03:44:57.300075800Z</date>
  <millis>1751427897300</millis>
  <nanos>75800</nanos>
  <sequence>588</sequence>
  <logger>itri.sstc.framework.core.httpd.file.FileRequestHandleTask</logger>
  <level>INFO</level>
  <class>itri.sstc.framework.core.httpd.file.FileRequestHandleTask</class>
  <method>run</method>
  <thread>490</thread>
  <message>Thread[490] GET /html/script/jquery.ganttView-master/date-zh-TW.js</message>
</record>
<record>
  <date>2025-07-02T03:44:57.302192100Z</date>
  <millis>1751427897302</millis>
  <nanos>192100</nanos>
  <sequence>589</sequence>
  <logger>itri.sstc.framework.core.httpd.file.FileRequestHandleTask</logger>
  <level>INFO</level>
  <class>itri.sstc.framework.core.httpd.file.FileRequestHandleTask</class>
  <method>run</method>
  <thread>491</thread>
  <message>Thread[491] GET /html/script/jquery.ganttView-master/jquery.ganttView.js</message>
</record>
<record>
  <date>2025-07-02T03:44:57.308201700Z</date>
  <millis>1751427897308</millis>
  <nanos>201700</nanos>
  <sequence>590</sequence>
  <logger>itri.sstc.framework.core.httpd.file.FileRequestHandleTask</logger>
  <level>INFO</level>
  <class>itri.sstc.framework.core.httpd.file.FileRequestHandleTask</class>
  <method>run</method>
  <thread>492</thread>
  <message>Thread[492] GET /html/script/jquery-qtip/jquery.qtip.min.js</message>
</record>
<record>
  <date>2025-07-02T03:44:57.317285500Z</date>
  <millis>1751427897317</millis>
  <nanos>285500</nanos>
  <sequence>591</sequence>
  <logger>itri.sstc.framework.core.httpd.file.FileRequestHandleTask</logger>
  <level>INFO</level>
  <class>itri.sstc.framework.core.httpd.file.FileRequestHandleTask</class>
  <method>run</method>
  <thread>493</thread>
  <message>Thread[493] GET /html/plug-in/cookie/jquery.cookie.js</message>
</record>
<record>
  <date>2025-07-02T03:44:57.323333800Z</date>
  <millis>1751427897323</millis>
  <nanos>333800</nanos>
  <sequence>592</sequence>
  <logger>itri.sstc.framework.core.httpd.file.FileRequestHandleTask</logger>
  <level>INFO</level>
  <class>itri.sstc.framework.core.httpd.file.FileRequestHandleTask</class>
  <method>run</method>
  <thread>494</thread>
  <message>Thread[494] GET /html/script/security/tripledes.js</message>
</record>
<record>
  <date>2025-07-02T03:44:57.327197500Z</date>
  <millis>1751427897327</millis>
  <nanos>197500</nanos>
  <sequence>593</sequence>
  <logger>itri.sstc.framework.core.httpd.file.FileRequestHandleTask</logger>
  <level>INFO</level>
  <class>itri.sstc.framework.core.httpd.file.FileRequestHandleTask</class>
  <method>run</method>
  <thread>495</thread>
  <message>Thread[495] GET /html/script/security/mode-ecb-min.js</message>
</record>
<record>
  <date>2025-07-02T03:44:57.328175600Z</date>
  <millis>1751427897328</millis>
  <nanos>175600</nanos>
  <sequence>594</sequence>
  <logger>itri.sstc.framework.core.httpd.file.FileRequestHandleTask</logger>
  <level>INFO</level>
  <class>itri.sstc.framework.core.httpd.file.FileRequestHandleTask</class>
  <method>run</method>
  <thread>496</thread>
  <message>Thread[496] GET /html/script/security/utils.js</message>
</record>
<record>
  <date>2025-07-02T03:44:57.334988600Z</date>
  <millis>1751427897334</millis>
  <nanos>988600</nanos>
  <sequence>595</sequence>
  <logger>itri.sstc.framework.core.httpd.file.FileRequestHandleTask</logger>
  <level>INFO</level>
  <class>itri.sstc.framework.core.httpd.file.FileRequestHandleTask</class>
  <method>run</method>
  <thread>497</thread>
  <message>Thread[497] GET /html/script/imas/sweetalert.min.js</message>
</record>
<record>
  <date>2025-07-02T03:44:57.335961900Z</date>
  <millis>1751427897335</millis>
  <nanos>961900</nanos>
  <sequence>596</sequence>
  <logger>itri.sstc.framework.core.httpd.file.FileRequestHandleTask</logger>
  <level>INFO</level>
  <class>itri.sstc.framework.core.httpd.file.FileRequestHandleTask</class>
  <method>run</method>
  <thread>498</thread>
  <message>Thread[498] GET /html/plug-in/Validform/css/style.css</message>
</record>
<record>
  <date>2025-07-02T03:44:57.336934600Z</date>
  <millis>1751427897336</millis>
  <nanos>934600</nanos>
  <sequence>597</sequence>
  <logger>itri.sstc.framework.core.api.RESTfulAPI</logger>
  <level>INFO</level>
  <class>itri.sstc.framework.core.api.RESTfulAPI</class>
  <method>log</method>
  <thread>499</thread>
  <message>"/security/api/" Call API captcha</message>
</record>
<record>
  <date>2025-07-02T03:44:57.348951200Z</date>
  <millis>1751427897348</millis>
  <nanos>951200</nanos>
  <sequence>598</sequence>
  <logger>itri.sstc.framework.core.httpd.file.FileRequestHandleTask</logger>
  <level>INFO</level>
  <class>itri.sstc.framework.core.httpd.file.FileRequestHandleTask</class>
  <method>run</method>
  <thread>500</thread>
  <message>Thread[500] GET /html/plug-in/Validform/css/tablefrom.css</message>
</record>
<record>
  <date>2025-07-02T03:44:57.353817700Z</date>
  <millis>1751427897353</millis>
  <nanos>817700</nanos>
  <sequence>599</sequence>
  <logger>itri.sstc.framework.core.httpd.file.FileRequestHandleTask</logger>
  <level>INFO</level>
  <class>itri.sstc.framework.core.httpd.file.FileRequestHandleTask</class>
  <method>run</method>
  <thread>501</thread>
  <message>Thread[501] GET /html/plug-in/Validform/js/Validform_v5.3.1_min_zh-tw.js</message>
</record>
<record>
  <date>2025-07-02T03:44:57.425829400Z</date>
  <millis>1751427897425</millis>
  <nanos>829400</nanos>
  <sequence>600</sequence>
  <logger>itri.sstc.framework.core.httpd.file.FileRequestHandleTask</logger>
  <level>INFO</level>
  <class>itri.sstc.framework.core.httpd.file.FileRequestHandleTask</class>
  <method>run</method>
  <thread>502</thread>
  <message>Thread[502] GET /html/images/imas/itri_logo.png</message>
</record>
<record>
  <date>2025-07-02T03:44:57.427189900Z</date>
  <millis>1751427897427</millis>
  <nanos>189900</nanos>
  <sequence>601</sequence>
  <logger>itri.sstc.framework.core.httpd.file.FileRequestHandleTask</logger>
  <level>INFO</level>
  <class>itri.sstc.framework.core.httpd.file.FileRequestHandleTask</class>
  <method>run</method>
  <thread>503</thread>
  <message>Thread[503] GET /html/plug-in/Validform/js/Validform_Datatype_zh-tw.js</message>
</record>
<record>
  <date>2025-07-02T03:44:57.427189900Z</date>
  <millis>1751427897427</millis>
  <nanos>189900</nanos>
  <sequence>602</sequence>
  <logger>itri.sstc.framework.core.httpd.file.FileRequestHandleTask</logger>
  <level>INFO</level>
  <class>itri.sstc.framework.core.httpd.file.FileRequestHandleTask</class>
  <method>run</method>
  <thread>504</thread>
  <message>Thread[504] GET /html/plug-in/Validform/js/datatype_zh-tw.js</message>
</record>
<record>
  <date>2025-07-02T03:44:57.433964700Z</date>
  <millis>1751427897433</millis>
  <nanos>964700</nanos>
  <sequence>603</sequence>
  <logger>itri.sstc.framework.core.httpd.file.FileRequestHandleTask</logger>
  <level>INFO</level>
  <class>itri.sstc.framework.core.httpd.file.FileRequestHandleTask</class>
  <method>run</method>
  <thread>505</thread>
  <message>Thread[505] GET /html/AdminLTE/bootstrap/fonts/glyphicons-halflings-regular.woff2</message>
</record>
<record>
  <date>2025-07-02T03:44:57.433964700Z</date>
  <millis>1751427897433</millis>
  <nanos>964700</nanos>
  <sequence>604</sequence>
  <logger>itri.sstc.framework.core.httpd.file.FileRequestHandleTask</logger>
  <level>INFO</level>
  <class>itri.sstc.framework.core.httpd.file.FileRequestHandleTask</class>
  <method>run</method>
  <thread>506</thread>
  <message>Thread[506] GET /html/style/fonts/fontawesome-webfont.woff2</message>
</record>
<record>
  <date>2025-07-02T03:44:57.438356900Z</date>
  <millis>1751427897438</millis>
  <nanos>356900</nanos>
  <sequence>605</sequence>
  <logger>itri.sstc.framework.core.httpd.file.FileRequestHandleTask</logger>
  <level>INFO</level>
  <class>itri.sstc.framework.core.httpd.file.FileRequestHandleTask</class>
  <method>run</method>
  <thread>508</thread>
  <message>Thread[508] GET /html/plug-in/My97DatePicker/WdatePicker.js</message>
</record>
<record>
  <date>2025-07-02T03:44:57.438356900Z</date>
  <millis>1751427897438</millis>
  <nanos>356900</nanos>
  <sequence>606</sequence>
  <logger>itri.sstc.framework.core.httpd.file.FileRequestHandleTask</logger>
  <level>INFO</level>
  <class>itri.sstc.framework.core.httpd.file.FileRequestHandleTask</class>
  <method>run</method>
  <thread>507</thread>
  <message>Thread[507] GET /html/plug-in/Validform/plugin/passwordStrength/passwordStrength-min.js</message>
</record>
<record>
  <date>2025-07-02T03:44:57.452258900Z</date>
  <millis>1751427897452</millis>
  <nanos>258900</nanos>
  <sequence>607</sequence>
  <logger>itri.sstc.framework.core.httpd.file.FileRequestHandleTask</logger>
  <level>INFO</level>
  <class>itri.sstc.framework.core.httpd.file.FileRequestHandleTask</class>
  <method>run</method>
  <thread>509</thread>
  <message>Thread[509] GET /html/plug-in/My97DatePicker/skin/WdatePicker.css</message>
</record>
<record>
  <date>2025-07-02T03:44:57.454551Z</date>
  <millis>1751427897454</millis>
  <nanos>551000</nanos>
  <sequence>608</sequence>
  <logger>itri.sstc.framework.core.httpd.file.FileRequestHandleTask</logger>
  <level>INFO</level>
  <class>itri.sstc.framework.core.httpd.file.FileRequestHandleTask</class>
  <method>run</method>
  <thread>510</thread>
  <message>Thread[510] GET /html/script/fullcalendar/fullcalendar.print.css</message>
</record>
